﻿<root>
<w id="fs-ham-0004400" n="1.1.34" lemma="may" ana="#vmb">may</w>
<w id="fs-ham-0009150" n="1.1.66" lemma="may" ana="#vmd">might</w>
<w id="fs-ham-0012390" n="1.1.88" lemma="may" ana="#vmd">might</w>
<w id="fs-ham-0017650" n="1.1.121" lemma="may" ana="#vmb">may</w>
<w id="fs-ham-0021150" n="1.1.143" lemma="may" ana="#vmb">may</w>
<w id="fs-ham-0021610" n="1.1.146" lemma="may" ana="#vmb">may</w>
<w id="fs-ham-0042890" n="1.2.87" lemma="may" ana="#vmd">might</w>
<w id="fs-ham-0052270" n="1.2.145" lemma="may" ana="#vmd">might</w>
<w id="fs-ham-0061350" n="1.2.202" lemma="may" ana="#vmb">may</w>
<w id="fs-ham-0068530" n="1.2.255" lemma="may" ana="#vmd">might</w>
<w id="fs-ham-0075330" n="1.3.22" lemma="may" ana="#vmb">may</w>
<w id="fs-ham-0076650" n="1.3.31" lemma="may" ana="#vmb">May</w>
<w id="fs-ham-0077110" n="1.3.33" lemma="may" ana="#vmb">may</w>
<w id="fs-ham-0083190" n="1.3.73" lemma="may" ana="#vmb">may</w>
<w id="fs-ham-0090750" n="1.3.121" lemma="may" ana="#vmb">may</w>
<w id="fs-ham-0093000" n="1.3.134" lemma="may" ana="#vmb">may</w>
<w id="fs-ham-0093070" n="1.3.135" lemma="may" ana="#vmb">may</w>
<w id="fs-ham-0100560" n="1.4.37" lemma="may" ana="#vmb">may</w>
<w id="fs-ham-0103300" n="1.4.56" lemma="may" ana="#vmb">may</w>
<w id="fs-ham-0107000" n="1.4.81" lemma="may" ana="#vmd">might</w>
<w id="fs-ham-0115290" n="1.5.37" lemma="may" ana="#vmb">May</w>
<w id="fs-ham-0127380" n="1.5.115" lemma="may" ana="#vmb">may</w>
<w id="fs-ham-0127660" n="1.5.116" lemma="may" ana="#vmb">may</w>
<w id="fs-ham-0133310" n="1.5.156" lemma="may" ana="#vmb">may</w>
<w id="fs-ham-0139520" n="1.5.199" lemma="may" ana="#vmd">might</w>
<w id="fs-ham-0140640" n="1.5.207" lemma="may" ana="#vmb">May</w>
<w id="fs-ham-0144880" n="2.1.19" lemma="may" ana="#vmb">may</w>
<w id="fs-ham-0145540" n="2.1.23" lemma="may" ana="#vmb">may</w>
<w id="fs-ham-0146400" n="2.1.29" lemma="may" ana="#vmb">may</w>
<w id="fs-ham-0146730" n="2.1.31" lemma="may" ana="#vmb">may</w>
<w id="fs-ham-0147350" n="2.1.36" lemma="may" ana="#vmb">may</w>
<w id="fs-ham-0161950" n="2.1.131" lemma="may" ana="#vmd">might</w>
<w id="fs-ham-0164990" n="2.2.16" lemma="may" ana="#vmb">may</w>
<w id="fs-ham-0166620" n="2.2.28" lemma="may" ana="#vmd">Might</w>
<w id="fs-ham-0174950" n="2.2.82" lemma="may" ana="#vmd">might</w>
<w id="fs-ham-0184170" n="2.2.140" lemma="may" ana="#vmd">might</w>
<w id="fs-ham-0184760" n="2.2.143" lemma="may" ana="#vmd">might</w>
<w id="fs-ham-0185490" n="2.2.148" lemma="may" ana="#vmd">might</w>
<w id="fs-ham-0187860" n="2.2.162" lemma="may" ana="#vmb">may</w>
<w id="fs-ham-0189100" n="2.2.172" lemma="may" ana="#vmb">may</w>
<w id="fs-ham-0193620" n="2.2.202" lemma="may" ana="#vmb">may</w>
<w id="fs-ham-0236330" n="2.2.467" lemma="may" ana="#vmd">might</w>
<w id="fs-ham-0261270" n="2.2.628" lemma="may" ana="#vmb">May</w>
<w id="fs-ham-0267630" n="3.1.33" lemma="may" ana="#vmb">may</w>
<w id="fs-ham-0268020" n="3.1.37" lemma="may" ana="#vmb">may</w>
<w id="fs-ham-0269520" n="3.1.47" lemma="may" ana="#vmb">may</w>
<w id="fs-ham-0270110" n="3.1.51" lemma="may" ana="#vmb">may</w>
<w id="fs-ham-0273750" n="3.1.74" lemma="may" ana="#vmb">may</w>
<w id="fs-ham-0275090" n="3.1.83" lemma="may" ana="#vmd">might</w>
<w id="fs-ham-0284230" n="3.1.143" lemma="may" ana="#vmb">may</w>
<w id="fs-ham-0295880" n="3.2.6" lemma="may" ana="#vmb">may</w>
<w id="fs-ham-0296160" n="3.2.8" lemma="may" ana="#vmb">may</w>
<w id="fs-ham-0304910" n="3.2.60" lemma="may" ana="#vmb">may</w>
<w id="fs-ham-0305720" n="3.2.66" lemma="may" ana="#vmb">may</w>
<w id="fs-ham-0317000" n="3.2.140" lemma="may" ana="#vmb">may</w>
<w id="fs-ham-0324020" n="3.2.182" lemma="may" ana="#vmb">may</w>
<w id="fs-ham-0343840" n="3.2.311" lemma="may" ana="#vmd">might</w>
<w id="fs-ham-0362420" n="3.3.5" lemma="may" ana="#vmb">may</w>
<w id="fs-ham-0370950" n="3.3.60" lemma="may" ana="#vmb">May</w>
<w id="fs-ham-0371310" n="3.3.62" lemma="may" ana="#vmb">may</w>
<w id="fs-ham-0373650" n="3.3.76" lemma="may" ana="#vmb">may</w>
<w id="fs-ham-0373820" n="3.3.77" lemma="may" ana="#vmd">might</w>
<w id="fs-ham-0377400" n="3.3.98" lemma="may" ana="#vmb">may</w>
<w id="fs-ham-0377560" n="3.3.99" lemma="may" ana="#vmb">may</w>
<w id="fs-ham-0382290" n="3.4.25" lemma="may" ana="#vmb">may</w>
<w id="fs-ham-0423290" n="4.1.44" lemma="may" ana="#vmb">may</w>
<w id="fs-ham-0424900" n="4.2.7" lemma="may" ana="#vmb">may</w>
<w id="fs-ham-0433330" n="4.3.30" lemma="may" ana="#vmb">may</w>
<w id="fs-ham-0434050" n="4.3.34" lemma="may" ana="#vmb">may</w>
<w id="fs-ham-0438950" n="4.3.68" lemma="may" ana="#vmb">may</w>
<w id="fs-ham-0439460" n="4.3.71" lemma="may" ana="#vm2">mayst</w>
<w id="fs-ham-0453970" n="4.5.15" lemma="may" ana="#vmd">might</w>
<w id="fs-ham-0454330" n="4.5.18" lemma="may" ana="#vmb">may</w>
<w id="fs-ham-0458260" n="4.5.49" lemma="may" ana="#vmb">may</w>
<w id="fs-ham-0480270" n="4.5.206" lemma="may" ana="#vmb">may</w>
<w id="fs-ham-0492390" n="4.6.33" lemma="may" ana="#vmb">may</w>
<w id="fs-ham-0494340" n="4.7.12" lemma="may" ana="#vmb">may</w>
<w id="fs-ham-0495730" n="4.7.19" lemma="may" ana="#vmd">might</w>
<w id="fs-ham-0497320" n="4.7.29" lemma="may" ana="#vmb">may</w>
<w id="fs-ham-0504900" n="4.7.79" lemma="may" ana="#vmd">might</w>
<w id="fs-ham-0516160" n="4.7.156" lemma="may" ana="#vmb">may</w>
<w id="fs-ham-0517910" n="4.7.168" lemma="may" ana="#vmb">may</w>
<w id="fs-ham-0518230" n="4.7.171" lemma="may" ana="#vmb">May</w>
<w id="fs-ham-0518890" n="4.7.175" lemma="may" ana="#vmd">might</w>
<w id="fs-ham-0520280" n="4.7.185" lemma="may" ana="#vmb">may</w>
<w id="fs-ham-0533440" n="5.1.50" lemma="may" ana="#vmb">may</w>
<w id="fs-ham-0538150" n="5.1.80" lemma="may" ana="#vmd">might</w>
<w id="fs-ham-0538490" n="5.1.82" lemma="may" ana="#vmd">might</w>
<w id="fs-ham-0538580" n="5.1.83" lemma="may" ana="#vmd">might</w>
<w id="fs-ham-0539030" n="5.1.86" lemma="may" ana="#vmd">might</w>
<w id="fs-ham-0539360" n="5.1.88" lemma="may" ana="#vmd">might</w>
<w id="fs-ham-0541290" n="5.1.100" lemma="may" ana="#vmb">may</w>
<w id="fs-ham-0542400" n="5.1.105" lemma="may" ana="#vmd">might</w>
<w id="fs-ham-0558510" n="5.1.209" lemma="may" ana="#vmb">may</w>
<w id="fs-ham-0558600" n="5.1.210" lemma="may" ana="#vmb">may</w>
<w id="fs-ham-0560080" n="5.1.219" lemma="may" ana="#vmd">might</w>
<w id="fs-ham-0560370" n="5.1.221" lemma="may" ana="#vmd">Might</w>
<w id="fs-ham-0564840" n="5.1.250" lemma="may" ana="#vmb">May</w>
<w id="fs-ham-0573710" n="5.1.310" lemma="may" ana="#vmb">may</w>
<w id="fs-ham-0581790" n="5.2.45" lemma="may" ana="#vmd">might</w>
<w id="fs-ham-0601610" n="5.2.173" lemma="may" ana="#vmd">might</w>
<w id="fs-ham-0614520" n="5.2.245" lemma="may" ana="#vmd">might</w>
</root>