﻿<root>
<w id="fs-ham-0012780" n="1.1.90" lemma="can" ana="#vmb">can</w>
<w id="fs-ham-0012870" n="1.1.91" lemma="can" ana="#vmb">can</w>
<w id="fs-ham-0035960" n="1.2.44" lemma="can" ana="#vmb-x">cannot</w>
<w id="fs-ham-0042600" n="1.2.86" lemma="can" ana="#vmb">can</w>
<w id="fs-ham-0055300" n="1.2.163" lemma="can" ana="#vmb-x">cannot</w>
<w id="fs-ham-0083750" n="1.3.76" lemma="can" ana="#vmb">can</w>
<w id="fs-ham-0085350" n="1.3.86" lemma="can" ana="#vm2">canst</w>
<w id="fs-ham-0099280" n="1.4.29" lemma="can" ana="#vmb-x">cannot</w>
<w id="fs-ham-0105930" n="1.4.74" lemma="can" ana="#vmb">can</w>
<w id="fs-ham-0112850" n="1.5.20" lemma="can" ana="#vmd">could</w>
<w id="fs-ham-0136860" n="1.5.183" lemma="can" ana="#vm2">Canst</w>
<w id="fs-ham-0139190" n="1.5.196" lemma="can" ana="#vmd">could</w>
<w id="fs-ham-0163860" n="2.2.10" lemma="can" ana="#vmb-x">cannot</w>
<w id="fs-ham-0197000" n="2.2.222" lemma="can" ana="#vmd">could</w>
<w id="fs-ham-0198080" n="2.2.229" lemma="can" ana="#vmd">could</w>
<w id="fs-ham-0198750" n="2.2.233" lemma="can" ana="#vmb-x">cannot</w>
<w id="fs-ham-0204510" n="2.2.273" lemma="can" ana="#vmd">could</w>
<w id="fs-ham-0206400" n="2.2.284" lemma="can" ana="#vmb-x">cannot</w>
<w id="fs-ham-0210440" n="2.2.310" lemma="can" ana="#vmb">can</w>
<w id="fs-ham-0220790" n="2.2.370" lemma="can" ana="#vmb">can</w>
<w id="fs-ham-0224080" n="2.2.391" lemma="can" ana="#vmd">could</w>
<w id="fs-ham-0229060" n="2.2.424" lemma="can" ana="#vmb-x">cannot</w>
<w id="fs-ham-0251230" n="2.2.563" lemma="can" ana="#vmb">Can</w>
<w id="fs-ham-0251600" n="2.2.566" lemma="can" ana="#vmd">could</w>
<w id="fs-ham-0252050" n="2.2.569" lemma="can" ana="#vmd">could</w>
<w id="fs-ham-0253690" n="2.2.580" lemma="can" ana="#vmd">Could</w>
<w id="fs-ham-0256200" n="2.2.596" lemma="can" ana="#vmb">can</w>
<w id="fs-ham-0257690" n="2.2.603" lemma="can" ana="#vmb-x">cannot</w>
<w id="fs-ham-0262770" n="3.1.1" lemma="can" ana="#vmb">can</w>
<w id="fs-ham-0279990" n="3.1.119" lemma="can" ana="#vmd">Could</w>
<w id="fs-ham-0280670" n="3.1.123" lemma="can" ana="#vmb">can</w>
<w id="fs-ham-0281500" n="3.1.128" lemma="can" ana="#vmb-x">cannot</w>
<w id="fs-ham-0282370" n="3.1.133" lemma="can" ana="#vmd">could</w>
<w id="fs-ham-0299670" n="3.2.28" lemma="can" ana="#vmb-x">cannot</w>
<w id="fs-ham-0306040" n="3.2.68" lemma="can" ana="#vmd">could</w>
<w id="fs-ham-0311620" n="3.2.100" lemma="can" ana="#vmb-x">cannot</w>
<w id="fs-ham-0321150" n="3.2.163" lemma="can" ana="#vmb-x">cannot</w>
<w id="fs-ham-0338270" n="3.2.270" lemma="can" ana="#vmd">could</w>
<w id="fs-ham-0338450" n="3.2.271" lemma="can" ana="#vmd">could</w>
<w id="fs-ham-0348470" n="3.2.347" lemma="can" ana="#vmb-x">cannot</w>
<w id="fs-ham-0348890" n="3.2.350" lemma="can" ana="#vmb">can</w>
<w id="fs-ham-0349750" n="3.2.356" lemma="can" ana="#vmb">can</w>
<w id="fs-ham-0351750" n="3.2.369" lemma="can" ana="#vmb">can</w>
<w id="fs-ham-0353890" n="3.2.382" lemma="can" ana="#vmb-x">cannot</w>
<w id="fs-ham-0354060" n="3.2.384" lemma="can" ana="#vmb-x">cannot</w>
<w id="fs-ham-0355090" n="3.2.391" lemma="can" ana="#vmb-x">cannot</w>
<w id="fs-ham-0356580" n="3.2.399" lemma="can" ana="#vmb-x">cannot</w>
<w id="fs-ham-0357140" n="3.2.401" lemma="can" ana="#vmb">can</w>
<w id="fs-ham-0357220" n="3.2.402" lemma="can" ana="#vmb-x">cannot</w>
<w id="fs-ham-0359850" n="3.2.422" lemma="can" ana="#vmd">could</w>
<w id="fs-ham-0368060" n="3.3.42" lemma="can" ana="#vmb">can</w>
<w id="fs-ham-0370240" n="3.3.56" lemma="can" ana="#vmb">Can</w>
<w id="fs-ham-0370450" n="3.3.57" lemma="can" ana="#vmb-x">cannot</w>
<w id="fs-ham-0372480" n="3.3.69" lemma="can" ana="#vmb">can</w>
<w id="fs-ham-0372530" n="3.3.69" lemma="can" ana="#vmb">can</w>
<w id="fs-ham-0372630" n="3.3.70" lemma="can" ana="#vmb">can</w>
<w id="fs-ham-0381780" n="3.4.22" lemma="can" ana="#vmb">can</w>
<w id="fs-ham-0390280" n="3.4.76" lemma="can" ana="#vmd">Could</w>
<w id="fs-ham-0390670" n="3.4.78" lemma="can" ana="#vmb-x">cannot</w>
<w id="fs-ham-0391400" n="3.4.82" lemma="can" ana="#vmd">could</w>
<w id="fs-ham-0392830" n="3.4.91" lemma="can" ana="#vmd">Could</w>
<w id="fs-ham-0393130" n="3.4.93" lemma="can" ana="#vm2">canst</w>
<w id="fs-ham-0407290" n="3.4.189" lemma="can" ana="#vmb">can</w>
<w id="fs-ham-0425280" n="4.2.11" lemma="can" ana="#vmb">can</w>
<w id="fs-ham-0431090" n="4.3.14" lemma="can" ana="#vmb-x">cannot</w>
<w id="fs-ham-0451140" n="4.4.66" lemma="can" ana="#vmb-x">cannot</w>
<w id="fs-ham-0461630" n="4.5.74" lemma="can" ana="#vmb-x">cannot</w>
<w id="fs-ham-0471200" n="4.5.139" lemma="can" ana="#vmb">can</w>
<w id="fs-ham-0478660" n="4.5.193" lemma="can" ana="#vmd">could</w>
<w id="fs-ham-0495450" n="4.7.18" lemma="can" ana="#vmd">could</w>
<w id="fs-ham-0498160" n="4.7.34" lemma="can" ana="#vmb">can</w>
<w id="fs-ham-0501810" n="4.7.59" lemma="can" ana="#vmb">Can</w>
<w id="fs-ham-0504790" n="4.7.78" lemma="can" ana="#vmd">could</w>
<w id="fs-ham-0507280" n="4.7.95" lemma="can" ana="#vmb">can</w>
<w id="fs-ham-0509680" n="4.7.113" lemma="can" ana="#vmd">could</w>
<w id="fs-ham-0510370" n="4.7.118" lemma="can" ana="#vmd">could</w>
<w id="fs-ham-0517400" n="4.7.165" lemma="can" ana="#vmb">can</w>
<w id="fs-ham-0523150" n="4.7.205" lemma="can" ana="#vmd">could</w>
<w id="fs-ham-0526500" n="5.1.6" lemma="can" ana="#vmb">can</w>
<w id="fs-ham-0526960" n="5.1.9" lemma="can" ana="#vmb-x">cannot</w>
<w id="fs-ham-0531560" n="5.1.38" lemma="can" ana="#vmd">Could</w>
<w id="fs-ham-0534110" n="5.1.54" lemma="can" ana="#vmb">can</w>
<w id="fs-ham-0534260" n="5.1.56" lemma="can" ana="#vmb-x">cannot</w>
<w id="fs-ham-0537710" n="5.1.77" lemma="can" ana="#vmd">could</w>
<w id="fs-ham-0538770" n="5.1.84" lemma="can" ana="#vmd">could</w>
<w id="fs-ham-0549620" n="5.1.151" lemma="can" ana="#vmb-x">Cannot</w>
<w id="fs-ham-0549750" n="5.1.151" lemma="can" ana="#vmb">can</w>
<w id="fs-ham-0570000" n="5.1.286" lemma="can" ana="#vmd">Could</w>
<w id="fs-ham-0580010" n="5.2.34" lemma="can" ana="#vmd">could</w>
<w id="fs-ham-0591980" n="5.2.114" lemma="can" ana="#vmb-x">cannot</w>
<w id="fs-ham-0601410" n="5.2.172" lemma="can" ana="#vmd">could</w>
<w id="fs-ham-0604530" n="5.2.189" lemma="can" ana="#vmb">can</w>
<w id="fs-ham-0630180" n="5.2.345" lemma="can" ana="#vmb">can</w>
<w id="fs-ham-0631070" n="5.2.351" lemma="can" ana="#vmb">can</w>
<w id="fs-ham-0634130" n="5.2.369" lemma="can" ana="#vmd">could</w>
<w id="fs-ham-0637160" n="5.2.391" lemma="can" ana="#vmb-x">cannot</w>
<w id="fs-ham-0642780" n="5.2.427" lemma="can" ana="#vmb">can</w>
</root>