﻿<root>
<w id="fs-ham-0003650" n="1.1.29" lemma="will" ana="#vmb">will</w>
<w id="fs-ham-0007260" n="1.1.52" lemma="will" ana="#vmd">would</w>
<w id="fs-ham-0008560" n="1.1.62" lemma="will" ana="#vmb">will</w>
<w id="fs-ham-0022700" n="1.1.154" lemma="will" ana="#vmb">will</w>
<w id="fs-ham-0027550" n="1.1.186" lemma="will" ana="#vmb">will</w>
<w id="fs-ham-0035220" n="1.2.40" lemma="will" ana="#vmb">will</w>
<w id="fs-ham-0036200" n="1.2.45" lemma="will" ana="#vmd2">wouldst</w>
<w id="fs-ham-0036990" n="1.2.51" lemma="will" ana="#vmd2">wouldst</w>
<w id="fs-ham-0038640" n="1.2.62" lemma="will" ana="#vmb">will</w>
<w id="fs-ham-0039290" n="1.2.65" lemma="will" ana="#n1">will</w>
<w id="fs-ham-0044520" n="1.2.99" lemma="will" ana="#n1">will</w>
<w id="fs-ham-0050290" n="1.2.133" lemma="will" ana="#vmd">would</w>
<w id="fs-ham-0052690" n="1.2.147" lemma="will" ana="#vmd">would</w>
<w id="fs-ham-0054070" n="1.2.155" lemma="will" ana="#vmd">Would</w>
<w id="fs-ham-0057400" n="1.2.177" lemma="will" ana="#vmd">would</w>
<w id="fs-ham-0059380" n="1.2.189" lemma="will" ana="#vmd">Would</w>
<w id="fs-ham-0065290" n="1.2.229" lemma="will" ana="#vmd">would</w>
<w id="fs-ham-0068070" n="1.2.252" lemma="will" ana="#vmd">would</w>
<w id="fs-ham-0068200" n="1.2.253" lemma="will" ana="#vmd">would</w>
<w id="fs-ham-0069190" n="1.2.262" lemma="will" ana="#vmb">will</w>
<w id="fs-ham-0069400" n="1.2.264" lemma="will" ana="#vmb">will</w>
<w id="fs-ham-0070540" n="1.2.272" lemma="will" ana="#vmb">will</w>
<w id="fs-ham-0071580" n="1.2.278" lemma="will" ana="#vmd">Would</w>
<w id="fs-ham-0071870" n="1.2.279" lemma="will" ana="#vmb">will</w>
<w id="fs-ham-0074850" n="1.3.19" lemma="will" ana="#n1">will</w>
<w id="fs-ham-0075050" n="1.3.20" lemma="will" ana="#n1">will</w>
<w id="fs-ham-0089570" n="1.3.114" lemma="will" ana="#vmb">will</w>
<w id="fs-ham-0094000" n="1.3.141" lemma="will" ana="#vmd">would</w>
<w id="fs-ham-0102110" n="1.4.49" lemma="will" ana="#vmb">will</w>
<w id="fs-ham-0105210" n="1.4.70" lemma="will" ana="#vmb">will</w>
<w id="fs-ham-0105320" n="1.4.70" lemma="will" ana="#vmb">will</w>
<w id="fs-ham-0109910" n="1.4.99" lemma="will" ana="#vmb">will</w>
<w id="fs-ham-0110170" n="1.4.101" lemma="will" ana="#vmb">will</w>
<w id="fs-ham-0110510" n="1.5.1" lemma="will" ana="#vm2">wilt</w>
<w id="fs-ham-0110780" n="1.5.4" lemma="will" ana="#vmb">will</w>
<w id="fs-ham-0112980" n="1.5.21" lemma="will" ana="#vmd">Would</w>
<w id="fs-ham-0115810" n="1.5.41" lemma="will" ana="#vmd2">Wouldst</w>
<w id="fs-ham-0117760" n="1.5.53" lemma="will" ana="#n1">will</w>
<w id="fs-ham-0118920" n="1.5.60" lemma="will" ana="#vmb">will</w>
<w id="fs-ham-0119340" n="1.5.63" lemma="will" ana="#vmb">Will</w>
<w id="fs-ham-0129430" n="1.5.130" lemma="will" ana="#vmb">will</w>
<w id="fs-ham-0129850" n="1.5.133" lemma="will" ana="#vmd">Would</w>
<w id="fs-ham-0131850" n="1.5.147" lemma="will" ana="#vmb">will</w>
<w id="fs-ham-0133840" n="1.5.159" lemma="will" ana="#vmb">will</w>
<w id="fs-ham-0134120" n="1.5.161" lemma="will" ana="#vmb">will</w>
<w id="fs-ham-0139260" n="1.5.197" lemma="will" ana="#vmd">would</w>
<w id="fs-ham-0140860" n="1.5.208" lemma="will" ana="#vvg">willing</w>
<w id="fs-ham-0142180" n="2.1.2" lemma="will" ana="#vmb">will</w>
<w id="fs-ham-0143920" n="2.1.14" lemma="will" ana="#vmb">will</w>
<w id="fs-ham-0146560" n="2.1.30" lemma="will" ana="#vmd">would</w>
<w id="fs-ham-0148110" n="2.1.42" lemma="will" ana="#vmd">would</w>
<w id="fs-ham-0149030" n="2.1.47" lemma="will" ana="#vmd">would</w>
<w id="fs-ham-0157160" n="2.1.103" lemma="will" ana="#vmd">would</w>
<w id="fs-ham-0159030" n="2.1.113" lemma="will" ana="#vmb">will</w>
<w id="fs-ham-0159420" n="2.1.116" lemma="will" ana="#n1">will</w>
<w id="fs-ham-0165840" n="2.2.21" lemma="will" ana="#vmb">will</w>
<w id="fs-ham-0177460" n="2.2.99" lemma="will" ana="#vmb">will</w>
<w id="fs-ham-0178890" n="2.2.107" lemma="will" ana="#vmb">will</w>
<w id="fs-ham-0181470" n="2.2.123" lemma="will" ana="#vmb">will</w>
<w id="fs-ham-0184040" n="2.2.140" lemma="will" ana="#vmd">would</w>
<w id="fs-ham-0188110" n="2.2.163" lemma="will" ana="#vmd">would</w>
<w id="fs-ham-0188780" n="2.2.169" lemma="will" ana="#vmb">will</w>
<w id="fs-ham-0190610" n="2.2.182" lemma="will" ana="#vmb">will</w>
<w id="fs-ham-0192050" n="2.2.192" lemma="will" ana="#vmd">would</w>
<w id="fs-ham-0197310" n="2.2.224" lemma="will" ana="#vmb">Will</w>
<w id="fs-ham-0198240" n="2.2.230" lemma="will" ana="#vmb">will</w>
<w id="fs-ham-0198600" n="2.2.232" lemma="will" ana="#vmb">will</w>
<w id="fs-ham-0198920" n="2.2.234" lemma="will" ana="#vmb">will</w>
<w id="fs-ham-0206620" n="2.2.287" lemma="will" ana="#vmb">will</w>
<w id="fs-ham-0211440" n="2.2.316" lemma="will" ana="#vmb">will</w>
<w id="fs-ham-0220620" n="2.2.369" lemma="will" ana="#vmb">Will</w>
<w id="fs-ham-0220840" n="2.2.370" lemma="will" ana="#vmb">Will</w>
<w id="fs-ham-0223400" n="2.2.387" lemma="will" ana="#vmd">would</w>
<w id="fs-ham-0227130" n="2.2.410" lemma="will" ana="#vmb">will</w>
<w id="fs-ham-0231560" n="2.2.443" lemma="will" ana="#vmb">will</w>
<w id="fs-ham-0242320" n="2.2.506" lemma="will" ana="#n1">will</w>
<w id="fs-ham-0246930" n="2.2.536" lemma="will" ana="#vmd">would</w>
<w id="fs-ham-0247780" n="2.2.543" lemma="will" ana="#vmd">Would</w>
<w id="fs-ham-0248740" n="2.2.548" lemma="will" ana="#vmb">will</w>
<w id="fs-ham-0249680" n="2.2.553" lemma="will" ana="#vmb">will</w>
<w id="fs-ham-0251910" n="2.2.568" lemma="will" ana="#vmd">would</w>
<w id="fs-ham-0254890" n="2.2.587" lemma="will" ana="#vmd">would</w>
<w id="fs-ham-0255200" n="2.2.589" lemma="will" ana="#vmd">would</w>
<w id="fs-ham-0260370" n="2.2.622" lemma="will" ana="#vmb">will</w>
<w id="fs-ham-0263580" n="3.1.6" lemma="will" ana="#vmb">will</w>
<w id="fs-ham-0264040" n="3.1.9" lemma="will" ana="#vmd">would</w>
<w id="fs-ham-0269180" n="3.1.45" lemma="will" ana="#vmb">Will</w>
<w id="fs-ham-0269800" n="3.1.49" lemma="will" ana="#vmb">will</w>
<w id="fs-ham-0274270" n="3.1.78" lemma="will" ana="#vmd">would</w>
<w id="fs-ham-0275270" n="3.1.84" lemma="will" ana="#vmd">would</w>
<w id="fs-ham-0275870" n="3.1.88" lemma="will" ana="#n1">will</w>
<w id="fs-ham-0280370" n="3.1.121" lemma="will" ana="#vmb">will</w>
<w id="fs-ham-0282070" n="3.1.131" lemma="will" ana="#vmd2">wouldst</w>
<w id="fs-ham-0285370" n="3.1.149" lemma="will" ana="#vm2">wilt</w>
<w id="fs-ham-0287120" n="3.1.159" lemma="will" ana="#vmb">will</w>
<w id="fs-ham-0290750" n="3.1.181" lemma="will" ana="#vmb">Will</w>
<w id="fs-ham-0297140" n="3.2.13" lemma="will" ana="#vmd">would</w>
<w id="fs-ham-0302140" n="3.2.42" lemma="will" ana="#vmb">will</w>
<w id="fs-ham-0303330" n="3.2.48" lemma="will" ana="#vmb">will</w>
<w id="fs-ham-0303790" n="3.2.52" lemma="will" ana="#vmb">Will</w>
<w id="fs-ham-0307470" n="3.2.77" lemma="will" ana="#vmb">will</w>
<w id="fs-ham-0309550" n="3.2.90" lemma="will" ana="#vmb">will</w>
<w id="fs-ham-0309730" n="3.2.91" lemma="will" ana="#vmb">will</w>
<w id="fs-ham-0310280" n="3.2.95" lemma="will" ana="#vmb">will</w>
<w id="fs-ham-0321290" n="3.2.164" lemma="will" ana="#vmb">Will</w>
<w id="fs-ham-0321590" n="3.2.165" lemma="will" ana="#vmb">will</w>
<w id="fs-ham-0332310" n="3.2.234" lemma="will" ana="#n2">wills</w>
<w id="fs-ham-0332830" n="3.2.237" lemma="will" ana="#vm2">wilt</w>
<w id="fs-ham-0334040" n="3.2.244" lemma="will" ana="#vmd">would</w>
<w id="fs-ham-0334990" n="3.2.249" lemma="will" ana="#vmd">would</w>
<w id="fs-ham-0338770" n="3.2.273" lemma="will" ana="#vmd">would</w>
<w id="fs-ham-0342460" n="3.2.301" lemma="will" ana="#vmd">Would</w>
<w id="fs-ham-0346530" n="3.2.333" lemma="will" ana="#vmd">would</w>
<w id="fs-ham-0348030" n="3.2.344" lemma="will" ana="#vmb">will</w>
<w id="fs-ham-0353130" n="3.2.377" lemma="will" ana="#vmd">would</w>
<w id="fs-ham-0353700" n="3.2.380" lemma="will" ana="#vmb">Will</w>
<w id="fs-ham-0354810" n="3.2.389" lemma="will" ana="#vmb">will</w>
<w id="fs-ham-0355640" n="3.2.394" lemma="will" ana="#vmd">would</w>
<w id="fs-ham-0355740" n="3.2.395" lemma="will" ana="#vmd">would</w>
<w id="fs-ham-0355890" n="3.2.395" lemma="will" ana="#vmd">would</w>
<w id="fs-ham-0356070" n="3.2.396" lemma="will" ana="#vmd">would</w>
<w id="fs-ham-0357070" n="3.2.401" lemma="will" ana="#vmb">will</w>
<w id="fs-ham-0357530" n="3.2.404" lemma="will" ana="#vmd">would</w>
<w id="fs-ham-0358580" n="3.2.413" lemma="will" ana="#vmb">will</w>
<w id="fs-ham-0358980" n="3.2.414" lemma="will" ana="#vmb">will</w>
<w id="fs-ham-0359100" n="3.2.416" lemma="will" ana="#vmb">will</w>
<w id="fs-ham-0360080" n="3.2.425" lemma="will" ana="#vmd">Would</w>
<w id="fs-ham-0360800" n="3.2.429" lemma="will" ana="#vmb">will</w>
<w id="fs-ham-0362100" n="3.3.3" lemma="will" ana="#vmb">will</w>
<w id="fs-ham-0362730" n="3.3.8" lemma="will" ana="#vmb">will</w>
<w id="fs-ham-0365530" n="3.3.26" lemma="will" ana="#vmb">will</w>
<w id="fs-ham-0365780" n="3.3.28" lemma="will" ana="#vmb">will</w>
<w id="fs-ham-0368240" n="3.3.43" lemma="will" ana="#n1">will</w>
<w id="fs-ham-0374440" n="3.3.80" lemma="will" ana="#vmd">would</w>
<w id="fs-ham-0378560" n="3.4.1" lemma="will" ana="#vmb">will</w>
<w id="fs-ham-0381410" n="3.4.21" lemma="will" ana="#vmd">would</w>
<w id="fs-ham-0382460" n="3.4.26" lemma="will" ana="#vm2">wilt</w>
<w id="fs-ham-0382550" n="3.4.26" lemma="will" ana="#vm2">wilt</w>
<w id="fs-ham-0391170" n="3.4.81" lemma="will" ana="#vmd">Would</w>
<w id="fs-ham-0391670" n="3.4.83" lemma="will" ana="#vmd">would</w>
<w id="fs-ham-0393920" n="3.4.98" lemma="will" ana="#n1">will</w>
<w id="fs-ham-0394410" n="3.4.102" lemma="will" ana="#vmb">will</w>
<w id="fs-ham-0396740" n="3.4.119" lemma="will" ana="#vmd">would</w>
<w id="fs-ham-0400220" n="3.4.144" lemma="will" ana="#vmd">Would</w>
<w id="fs-ham-0400780" n="3.4.148" lemma="will" ana="#vmb">Will</w>
<w id="fs-ham-0403160" n="3.4.164" lemma="will" ana="#vmb">will</w>
<w id="fs-ham-0403240" n="3.4.165" lemma="will" ana="#vmd">Would</w>
<w id="fs-ham-0403750" n="3.4.168" lemma="will" ana="#vmb">will</w>
<w id="fs-ham-0408680" n="3.4.197" lemma="will" ana="#vmb">will</w>
<w id="fs-ham-0408760" n="3.4.197" lemma="will" ana="#vmb">will</w>
<w id="fs-ham-0411180" n="3.4.212" lemma="will" ana="#vmd">Would</w>
<w id="fs-ham-0411490" n="3.4.213" lemma="will" ana="#vmd">would</w>
<w id="fs-ham-0413340" n="3.4.226" lemma="will" ana="#vmb">will</w>
<w id="fs-ham-0413420" n="3.4.226" lemma="will" ana="#vmb">will</w>
<w id="fs-ham-0414220" n="3.4.231" lemma="will" ana="#vmb">will</w>
<w id="fs-ham-0418790" n="4.1.18" lemma="will" ana="#vmb">will</w>
<w id="fs-ham-0419350" n="4.1.21" lemma="will" ana="#vmd">would</w>
<w id="fs-ham-0420960" n="4.1.31" lemma="will" ana="#vmb">will</w>
<w id="fs-ham-0435400" n="4.3.43" lemma="will" ana="#vmb">will</w>
<w id="fs-ham-0440480" n="4.3.77" lemma="will" ana="#vmb">will</w>
<w id="fs-ham-0441450" n="4.4.5" lemma="will" ana="#vmd">would</w>
<w id="fs-ham-0441820" n="4.4.8" lemma="will" ana="#vmb">will</w>
<w id="fs-ham-0443920" n="4.4.21" lemma="will" ana="#vmd">would</w>
<w id="fs-ham-0444020" n="4.4.22" lemma="will" ana="#vmb">will</w>
<w id="fs-ham-0444490" n="4.4.24" lemma="will" ana="#vmb">will</w>
<w id="fs-ham-0444810" n="4.4.27" lemma="will" ana="#vmb">Will</w>
<w id="fs-ham-0448320" n="4.4.48" lemma="will" ana="#n1">will</w>
<w id="fs-ham-0451940" n="4.5.1" lemma="will" ana="#vmb">will</w>
<w id="fs-ham-0452200" n="4.5.3" lemma="will" ana="#vmb">will</w>
<w id="fs-ham-0452310" n="4.5.4" lemma="will" ana="#vmd">would</w>
<w id="fs-ham-0453870" n="4.5.15" lemma="will" ana="#vmd">would</w>
<w id="fs-ham-0460350" n="4.5.65" lemma="will" ana="#vmb">will</w>
<w id="fs-ham-0460930" n="4.5.70" lemma="will" ana="#vmd">would</w>
<w id="fs-ham-0461440" n="4.5.73" lemma="will" ana="#vmb">will</w>
<w id="fs-ham-0461770" n="4.5.74" lemma="will" ana="#vmd">would</w>
<w id="fs-ham-0465700" n="4.5.100" lemma="will" ana="#vmb">Will</w>
<w id="fs-ham-0469520" n="4.5.125" lemma="will" ana="#vmb">will</w>
<w id="fs-ham-0469570" n="4.5.125" lemma="will" ana="#vmb">will</w>
<w id="fs-ham-0471320" n="4.5.139" lemma="will" ana="#vmd">would</w>
<w id="fs-ham-0471420" n="4.5.140" lemma="will" ana="#n1">will</w>
<w id="fs-ham-0473340" n="4.5.156" lemma="will" ana="#n1">will</w>
<w id="fs-ham-0474210" n="4.5.162" lemma="will" ana="#vmb">will</w>
<w id="fs-ham-0474480" n="4.5.166" lemma="will" ana="#vmb">Will</w>
<w id="fs-ham-0480690" n="4.5.207" lemma="will" ana="#vmd">would</w>
<w id="fs-ham-0481600" n="4.5.213" lemma="will" ana="#vmb">will</w>
<w id="fs-ham-0481720" n="4.5.214" lemma="will" ana="#vmb">will</w>
<w id="fs-ham-0482060" n="4.5.217" lemma="will" ana="#vmb">will</w>
<w id="fs-ham-0483630" n="4.5.228" lemma="will" ana="#vmb">will</w>
<w id="fs-ham-0484090" n="4.5.231" lemma="will" ana="#vmb">will</w>
<w id="fs-ham-0486510" n="4.6.1" lemma="will" ana="#vmd">would</w>
<w id="fs-ham-0490860" n="4.6.24" lemma="will" ana="#vmd2">wouldst</w>
<w id="fs-ham-0491080" n="4.6.25" lemma="will" ana="#vmb">will</w>
<w id="fs-ham-0491460" n="4.6.27" lemma="will" ana="#vmb">will</w>
<w id="fs-ham-0492100" n="4.6.32" lemma="will" ana="#vmb">will</w>
<w id="fs-ham-0496660" n="4.7.25" lemma="will" ana="#vmd">Would</w>
<w id="fs-ham-0497680" n="4.7.31" lemma="will" ana="#vmb">will</w>
<w id="fs-ham-0498770" n="4.7.37" lemma="will" ana="#vmb">will</w>
<w id="fs-ham-0502850" n="4.7.66" lemma="will" ana="#vmb">Will</w>
<w id="fs-ham-0503090" n="4.7.68" lemma="will" ana="#vmb">will</w>
<w id="fs-ham-0503740" n="4.7.71" lemma="will" ana="#vmb">will</w>
<w id="fs-ham-0504650" n="4.7.77" lemma="will" ana="#vmb">will</w>
<w id="fs-ham-0512400" n="4.7.131" lemma="will" ana="#vmb">will</w>
<w id="fs-ham-0512900" n="4.7.134" lemma="will" ana="#vmd">would</w>
<w id="fs-ham-0513030" n="4.7.135" lemma="will" ana="#vmd">would</w>
<w id="fs-ham-0513100" n="4.7.135" lemma="will" ana="#vmd">would</w>
<w id="fs-ham-0513930" n="4.7.141" lemma="will" ana="#vmd">would</w>
<w id="fs-ham-0514650" n="4.7.147" lemma="will" ana="#vmb">Will</w>
<w id="fs-ham-0515840" n="4.7.155" lemma="will" ana="#vmb">Will</w>
<w id="fs-ham-0516500" n="4.7.159" lemma="will" ana="#vmb">will</w>
<w id="fs-ham-0524370" n="4.7.214" lemma="will" ana="#vmb">will</w>
<w id="fs-ham-0524520" n="4.7.215" lemma="will" ana="#vmb">will</w>
<w id="fs-ham-0524820" n="4.7.216" lemma="will" ana="#vmd">would</w>
<w id="fs-ham-0525380" n="4.7.220" lemma="will" ana="#vmb">will</w>
<w id="fs-ham-0528430" n="5.1.17" lemma="will" ana="#vmb">will</w>
<w id="fs-ham-0528480" n="5.1.17" lemma="will" ana="#vmb-x">nill</w>
<w id="fs-ham-0529490" n="5.1.24" lemma="will" ana="#vmb">Will</w>
<w id="fs-ham-0534650" n="5.1.58" lemma="will" ana="#vmb">will</w>
<w id="fs-ham-0538430" n="5.1.81" lemma="will" ana="#vmd">would</w>
<w id="fs-ham-0542150" n="5.1.104" lemma="will" ana="#vmb">will</w>
<w id="fs-ham-0543310" n="5.1.110" lemma="will" ana="#vmb">Will</w>
<w id="fs-ham-0543910" n="5.1.113" lemma="will" ana="#vmb">will</w>
<w id="fs-ham-0544930" n="5.1.119" lemma="will" ana="#vmb">will</w>
<w id="fs-ham-0548170" n="5.1.141" lemma="will" ana="#vmb">will</w>
<w id="fs-ham-0551970" n="5.1.168" lemma="will" ana="#vmb">will</w>
<w id="fs-ham-0552530" n="5.1.170" lemma="will" ana="#vmb">will</w>
<w id="fs-ham-0552680" n="5.1.171" lemma="will" ana="#vmb">will</w>
<w id="fs-ham-0552900" n="5.1.172" lemma="will" ana="#vmb">will</w>
<w id="fs-ham-0553360" n="5.1.176" lemma="will" ana="#vmb">will</w>
<w id="fs-ham-0569480" n="5.1.282" lemma="will" ana="#vmb">will</w>
<w id="fs-ham-0569670" n="5.1.283" lemma="will" ana="#vmb">will</w>
<w id="fs-ham-0570260" n="5.1.287" lemma="will" ana="#vm2">wilt</w>
<w id="fs-ham-0570790" n="5.1.291" lemma="will" ana="#vm2">Woo’t</w>
<w id="fs-ham-0570840" n="5.1.291" lemma="will" ana="#vm2">woo’t</w>
<w id="fs-ham-0570890" n="5.1.291" lemma="will" ana="#vm2">woo’t</w>
<w id="fs-ham-0570940" n="5.1.291" lemma="will" ana="#vm2">woo’t</w>
<w id="fs-ham-0570990" n="5.1.293" lemma="will" ana="#vm2">Woo’t</w>
<w id="fs-ham-0571640" n="5.1.296" lemma="will" ana="#vmb">will</w>
<w id="fs-ham-0572335" n="5.1.300" lemma="will" ana="#vm2">’lt</w>
<w id="fs-ham-0572680" n="5.1.303" lemma="will" ana="#vmb">will</w>
<w id="fs-ham-0573080" n="5.1.306" lemma="will" ana="#vmb">will</w>
<w id="fs-ham-0573770" n="5.1.311" lemma="will" ana="#vmb">will</w>
<w id="fs-ham-0573860" n="5.1.311" lemma="will" ana="#vmb">will</w>
<w id="fs-ham-0576050" n="5.2.5" lemma="will" ana="#vmd">would</w>
<w id="fs-ham-0577110" n="5.2.12" lemma="will" ana="#vmb">will</w>
<w id="fs-ham-0579610" n="5.2.31" lemma="will" ana="#vm2">wilt</w>
<w id="fs-ham-0581130" n="5.2.40" lemma="will" ana="#vm2">Wilt</w>
<w id="fs-ham-0587010" n="5.2.83" lemma="will" ana="#vmb">will</w>
<w id="fs-ham-0590510" n="5.2.104" lemma="will" ana="#vmb">will</w>
<w id="fs-ham-0594130" n="5.2.124" lemma="will" ana="#vmd">would</w>
<w id="fs-ham-0594480" n="5.2.127" lemma="will" ana="#vmd">would</w>
<w id="fs-ham-0595640" n="5.2.132" lemma="will" ana="#vmd">would</w>
<w id="fs-ham-0596590" n="5.2.139" lemma="will" ana="#vmb">will</w>
<w id="fs-ham-0597490" n="5.2.147" lemma="will" ana="#vmd">would</w>
<w id="fs-ham-0597750" n="5.2.148" lemma="will" ana="#vmd">would</w>
<w id="fs-ham-0601240" n="5.2.171" lemma="will" ana="#vmd">would</w>
<w id="fs-ham-0601570" n="5.2.173" lemma="will" ana="#vmd">would</w>
<w id="fs-ham-0603030" n="5.2.181" lemma="will" ana="#vmd">would</w>
<w id="fs-ham-0603180" n="5.2.182" lemma="will" ana="#vmd">would</w>
<w id="fs-ham-0603670" n="5.2.186" lemma="will" ana="#vmb">will</w>
<w id="fs-ham-0604230" n="5.2.188" lemma="will" ana="#vvg">willing</w>
<w id="fs-ham-0604400" n="5.2.189" lemma="will" ana="#vmb">will</w>
<w id="fs-ham-0604620" n="5.2.190" lemma="will" ana="#vmb">will</w>
<w id="fs-ham-0605140" n="5.2.194" lemma="will" ana="#n1">will</w>
<w id="fs-ham-0608220" n="5.2.212" lemma="will" ana="#vmb">will</w>
<w id="fs-ham-0609610" n="5.2.223" lemma="will" ana="#vmb">will</w>
<w id="fs-ham-0610210" n="5.2.226" lemma="will" ana="#vmd2">wouldst</w>
<w id="fs-ham-0610880" n="5.2.230" lemma="will" ana="#vmd">would</w>
<w id="fs-ham-0611170" n="5.2.231" lemma="will" ana="#vmb">will</w>
<w id="fs-ham-0612070" n="5.2.235" lemma="will" ana="#vmb">will</w>
<w id="fs-ham-0612280" n="5.2.236" lemma="will" ana="#vmb">will</w>
<w id="fs-ham-0617100" n="5.2.262" lemma="will" ana="#vmb">will</w>
<w id="fs-ham-0617800" n="5.2.267" lemma="will" ana="#vmb">will</w>
<w id="fs-ham-0617980" n="5.2.269" lemma="will" ana="#vmb">will</w>
<w id="fs-ham-0625330" n="5.2.318" lemma="will" ana="#vmb">will</w>
<w id="fs-ham-0639030" n="5.2.401" lemma="will" ana="#vmd">would</w>
<w id="fs-ham-0643950" n="5.2.435" lemma="will" ana="#vmb">will</w>
</root>