﻿<root>
<w id="fs-ham-0022480" n="1.1.153" lemma="shall" ana="#vmb">Shall</w>
<w id="fs-ham-0027710" n="1.1.187" lemma="shall" ana="#vmb">shall</w>
<w id="fs-ham-0028230" n="1.1.190" lemma="shall" ana="#vmb">shall</w>
<w id="fs-ham-0036300" n="1.2.47" lemma="shall" ana="#vmb">shall</w>
<w id="fs-ham-0045220" n="1.2.104" lemma="shall" ana="#vmd">should</w>
<w id="fs-ham-0048610" n="1.2.124" lemma="shall" ana="#vmb">shall</w>
<w id="fs-ham-0049680" n="1.2.130" lemma="shall" ana="#vmb">shall</w>
<w id="fs-ham-0049840" n="1.2.131" lemma="shall" ana="#vmb">shall</w>
<w id="fs-ham-0051590" n="1.2.141" lemma="shall" ana="#vmd">should</w>
<w id="fs-ham-0057560" n="1.2.178" lemma="shall" ana="#vmb">shall</w>
<w id="fs-ham-0060500" n="1.2.196" lemma="shall" ana="#vmb">shall</w>
<w id="fs-ham-0069720" n="1.2.266" lemma="shall" ana="#vmd">should</w>
<w id="fs-ham-0070320" n="1.2.270" lemma="shall" ana="#vmb">shall</w>
<w id="fs-ham-0079440" n="1.3.49" lemma="shall" ana="#vmb">shall</w>
<w id="fs-ham-0086460" n="1.3.93" lemma="shall" ana="#vmb">shall</w>
<w id="fs-ham-0089470" n="1.3.113" lemma="shall" ana="#vmd">should</w>
<w id="fs-ham-0094750" n="1.3.145" lemma="shall" ana="#vmb">shall</w>
<w id="fs-ham-0100600" n="1.4.38" lemma="shall" ana="#vmb">Shall</w>
<w id="fs-ham-0104250" n="1.4.62" lemma="shall" ana="#vmd">should</w>
<w id="fs-ham-0105540" n="1.4.72" lemma="shall" ana="#vmd">should</w>
<w id="fs-ham-0108030" n="1.4.88" lemma="shall" ana="#vmb">shall</w>
<w id="fs-ham-0108390" n="1.4.90" lemma="shall" ana="#vmb">shall</w>
<w id="fs-ham-0111420" n="1.5.10" lemma="shall" ana="#vmb">shall</w>
<w id="fs-ham-0111760" n="1.5.12" lemma="shall" ana="#vm2">shalt</w>
<w id="fs-ham-0115520" n="1.5.39" lemma="shall" ana="#vmd2">shouldst</w>
<w id="fs-ham-0124990" n="1.5.100" lemma="shall" ana="#vmb">shall</w>
<w id="fs-ham-0126590" n="1.5.109" lemma="shall" ana="#vmb">shall</w>
<w id="fs-ham-0131410" n="1.5.144" lemma="shall" ana="#vmb">shall</w>
<w id="fs-ham-0138360" n="1.5.191" lemma="shall" ana="#vmb">shall</w>
<w id="fs-ham-0138710" n="1.5.193" lemma="shall" ana="#vmb">shall</w>
<w id="fs-ham-0140890" n="1.5.208" lemma="shall" ana="#vmb">shall</w>
<w id="fs-ham-0142280" n="2.1.3" lemma="shall" ana="#vmb">shall</w>
<w id="fs-ham-0147920" n="2.1.41" lemma="shall" ana="#vmd">should</w>
<w id="fs-ham-0153010" n="2.1.75" lemma="shall" ana="#vmb">Shall</w>
<w id="fs-ham-0153700" n="2.1.80" lemma="shall" ana="#vmb">shall</w>
<w id="fs-ham-0163470" n="2.2.7" lemma="shall" ana="#vmd">should</w>
<w id="fs-ham-0166390" n="2.2.25" lemma="shall" ana="#vmb">shall</w>
<w id="fs-ham-0170710" n="2.2.55" lemma="shall" ana="#vmb">shall</w>
<w id="fs-ham-0171860" n="2.2.61" lemma="shall" ana="#vmb">shall</w>
<w id="fs-ham-0176610" n="2.2.94" lemma="shall" ana="#vmd">should</w>
<w id="fs-ham-0180920" n="2.2.120" lemma="shall" ana="#vmb">shall</w>
<w id="fs-ham-0186290" n="2.2.152" lemma="shall" ana="#vmd">should</w>
<w id="fs-ham-0196760" n="2.2.221" lemma="shall" ana="#vmb">shall</w>
<w id="fs-ham-0206170" n="2.2.284" lemma="shall" ana="#vmb">Shall</w>
<w id="fs-ham-0208680" n="2.2.299" lemma="shall" ana="#vmd">should</w>
<w id="fs-ham-0211550" n="2.2.316" lemma="shall" ana="#vmb">shall</w>
<w id="fs-ham-0215700" n="2.2.340" lemma="shall" ana="#vmb">shall</w>
<w id="fs-ham-0216190" n="2.2.343" lemma="shall" ana="#vmb">shall</w>
<w id="fs-ham-0216280" n="2.2.344" lemma="shall" ana="#vmb">shall</w>
<w id="fs-ham-0216440" n="2.2.345" lemma="shall" ana="#vmb">shall</w>
<w id="fs-ham-0216610" n="2.2.345" lemma="shall" ana="#vmb">shall</w>
<w id="fs-ham-0216750" n="2.2.346" lemma="shall" ana="#vmb">shall</w>
<w id="fs-ham-0216910" n="2.2.347" lemma="shall" ana="#vmb">shall</w>
<w id="fs-ham-0217180" n="2.2.349" lemma="shall" ana="#vmb">shall</w>
<w id="fs-ham-0217370" n="2.2.349" lemma="shall" ana="#vmb">shall</w>
<w id="fs-ham-0220980" n="2.2.371" lemma="shall" ana="#vmd">should</w>
<w id="fs-ham-0225220" n="2.2.397" lemma="shall" ana="#vmd">should</w>
<w id="fs-ham-0244800" n="2.2.524" lemma="shall" ana="#vmb">shall</w>
<w id="fs-ham-0250100" n="2.2.556" lemma="shall" ana="#vmb">shall</w>
<w id="fs-ham-0254780" n="2.2.587" lemma="shall" ana="#vmd">should</w>
<w id="fs-ham-0257580" n="2.2.603" lemma="shall" ana="#vmd">should</w>
<w id="fs-ham-0258010" n="2.2.606" lemma="shall" ana="#vmd">should</w>
<w id="fs-ham-0267030" n="3.1.30" lemma="shall" ana="#vmb">shall</w>
<w id="fs-ham-0268620" n="3.1.41" lemma="shall" ana="#vmb">shall</w>
<w id="fs-ham-0269090" n="3.1.44" lemma="shall" ana="#vmb">shall</w>
<w id="fs-ham-0279840" n="3.1.118" lemma="shall" ana="#vmd">should</w>
<w id="fs-ham-0281360" n="3.1.127" lemma="shall" ana="#vmd">should</w>
<w id="fs-ham-0281660" n="3.1.128" lemma="shall" ana="#vmb">shall</w>
<w id="fs-ham-0283350" n="3.1.138" lemma="shall" ana="#vmd">should</w>
<w id="fs-ham-0285090" n="3.1.148" lemma="shall" ana="#vm2">shalt</w>
<w id="fs-ham-0287390" n="3.1.161" lemma="shall" ana="#vmb">shall</w>
<w id="fs-ham-0287480" n="3.1.161" lemma="shall" ana="#vmb">shall</w>
<w id="fs-ham-0291120" n="3.1.183" lemma="shall" ana="#vmb">shall</w>
<w id="fs-ham-0291550" n="3.1.186" lemma="shall" ana="#vmb">shall</w>
<w id="fs-ham-0292070" n="3.1.190" lemma="shall" ana="#vmb">shall</w>
<w id="fs-ham-0294070" n="3.1.201" lemma="shall" ana="#vmb">shall</w>
<w id="fs-ham-0294140" n="3.1.202" lemma="shall" ana="#vmb">shall</w>
<w id="fs-ham-0305280" n="3.2.62" lemma="shall" ana="#vmd">should</w>
<w id="fs-ham-0314230" n="3.2.119" lemma="shall" ana="#vmb">shall</w>
<w id="fs-ham-0315660" n="3.2.132" lemma="shall" ana="#vmd">should</w>
<w id="fs-ham-0317390" n="3.2.142" lemma="shall" ana="#vmb">shall</w>
<w id="fs-ham-0321010" n="3.2.162" lemma="shall" ana="#vmb">shall</w>
<w id="fs-ham-0326720" n="3.2.197" lemma="shall" ana="#vm2">shall</w>
<w id="fs-ham-0327050" n="3.2.199" lemma="shall" ana="#vm2">shalt</w>
<w id="fs-ham-0330770" n="3.2.224" lemma="shall" ana="#vmd">should</w>
<w id="fs-ham-0331770" n="3.2.230" lemma="shall" ana="#vmb">shall</w>
<w id="fs-ham-0334550" n="3.2.247" lemma="shall" ana="#vmd">should</w>
<w id="fs-ham-0337120" n="3.2.264" lemma="shall" ana="#vmb">shall</w>
<w id="fs-ham-0340980" n="3.2.289" lemma="shall" ana="#vmb">shall</w>
<w id="fs-ham-0346140" n="3.2.331" lemma="shall" ana="#vmd">should</w>
<w id="fs-ham-0347830" n="3.2.343" lemma="shall" ana="#vmb">shall</w>
<w id="fs-ham-0348270" n="3.2.346" lemma="shall" ana="#vmb">shall</w>
<w id="fs-ham-0348950" n="3.2.351" lemma="shall" ana="#vmb">shall</w>
<w id="fs-ham-0350420" n="3.2.361" lemma="shall" ana="#vmb">shall</w>
<w id="fs-ham-0362240" n="3.3.4" lemma="shall" ana="#vmb">shall</w>
<w id="fs-ham-0366950" n="3.3.35" lemma="shall" ana="#vmd">should</w>
<w id="fs-ham-0368690" n="3.3.46" lemma="shall" ana="#vmb">shall</w>
<w id="fs-ham-0382000" n="3.4.23" lemma="shall" ana="#vmb">shall</w>
<w id="fs-ham-0385650" n="3.4.43" lemma="shall" ana="#vmb">shall</w>
<w id="fs-ham-0406950" n="3.4.187" lemma="shall" ana="#vmb">shall</w>
<w id="fs-ham-0409470" n="3.4.202" lemma="shall" ana="#vmb">shall</w>
<w id="fs-ham-0414130" n="3.4.230" lemma="shall" ana="#vmb">shall</w>
<w id="fs-ham-0414760" n="3.4.234" lemma="shall" ana="#vmb">shall</w>
<w id="fs-ham-0418650" n="4.1.17" lemma="shall" ana="#vmb">shall</w>
<w id="fs-ham-0418930" n="4.1.19" lemma="shall" ana="#vmd">Should</w>
<w id="fs-ham-0420850" n="4.1.30" lemma="shall" ana="#vmb">shall</w>
<w id="fs-ham-0425630" n="4.2.13" lemma="shall" ana="#vmd">should</w>
<w id="fs-ham-0427230" n="4.2.21" lemma="shall" ana="#vmb">shall</w>
<w id="fs-ham-0434980" n="4.3.40" lemma="shall" ana="#vmb">shall</w>
<w id="fs-ham-0441550" n="4.4.6" lemma="shall" ana="#vmb">shall</w>
<w id="fs-ham-0444240" n="4.4.23" lemma="shall" ana="#vmd">should</w>
<w id="fs-ham-0455610" n="4.5.28" lemma="shall" ana="#vmd">should</w>
<w id="fs-ham-0461950" n="4.5.75" lemma="shall" ana="#vmb">shall</w>
<w id="fs-ham-0468070" n="4.5.116" lemma="shall" ana="#vmb">shall</w>
<w id="fs-ham-0468350" n="4.5.118" lemma="shall" ana="#vmb">shall</w>
<w id="fs-ham-0473250" n="4.5.155" lemma="shall" ana="#vmb">shall</w>
<w id="fs-ham-0473650" n="4.5.158" lemma="shall" ana="#vmb">shall</w>
<w id="fs-ham-0475600" n="4.5.174" lemma="shall" ana="#vmb">shall</w>
<w id="fs-ham-0476660" n="4.5.180" lemma="shall" ana="#vmb">shall</w>
<w id="fs-ham-0477280" n="4.5.184" lemma="shall" ana="#vmd">Should</w>
<w id="fs-ham-0483690" n="4.5.229" lemma="shall" ana="#vmb">shall</w>
<w id="fs-ham-0484760" n="4.5.235" lemma="shall" ana="#vmb">shall</w>
<w id="fs-ham-0485910" n="4.5.243" lemma="shall" ana="#vmb">shall</w>
<w id="fs-ham-0487170" n="4.6.5" lemma="shall" ana="#vmd">should</w>
<w id="fs-ham-0487610" n="4.6.9" lemma="shall" ana="#vmb">shall</w>
<w id="fs-ham-0488580" n="4.6.13" lemma="shall" ana="#vm2">shalt</w>
<w id="fs-ham-0498440" n="4.7.35" lemma="shall" ana="#vmb">shall</w>
<w id="fs-ham-0500030" n="4.7.46" lemma="shall" ana="#vmb">shall</w>
<w id="fs-ham-0500290" n="4.7.49" lemma="shall" ana="#vmb">shall</w>
<w id="fs-ham-0500490" n="4.7.50" lemma="shall" ana="#vmb">shall</w>
<w id="fs-ham-0500710" n="4.7.51" lemma="shall" ana="#vmb">shall</w>
<w id="fs-ham-0501080" n="4.7.54" lemma="shall" ana="#vmd">should</w>
<w id="fs-ham-0502330" n="4.7.62" lemma="shall" ana="#vmb">shall</w>
<w id="fs-ham-0502700" n="4.7.65" lemma="shall" ana="#vmd">should</w>
<w id="fs-ham-0504040" n="4.7.73" lemma="shall" ana="#vmb">shall</w>
<w id="fs-ham-0504300" n="4.7.74" lemma="shall" ana="#vmb">shall</w>
<w id="fs-ham-0504420" n="4.7.75" lemma="shall" ana="#vmb">shall</w>
<w id="fs-ham-0512950" n="4.7.135" lemma="shall" ana="#vmd">should</w>
<w id="fs-ham-0513490" n="4.7.139" lemma="shall" ana="#vmd">should</w>
<w id="fs-ham-0514410" n="4.7.145" lemma="shall" ana="#vmd">should</w>
<w id="fs-ham-0514490" n="4.7.146" lemma="shall" ana="#vmd">should</w>
<w id="fs-ham-0514900" n="4.7.148" lemma="shall" ana="#vmb">shall</w>
<w id="fs-ham-0515100" n="4.7.149" lemma="shall" ana="#vmb">shall</w>
<w id="fs-ham-0518400" n="4.7.171" lemma="shall" ana="#vmd">should</w>
<w id="fs-ham-0518750" n="4.7.175" lemma="shall" ana="#vmd">Should</w>
<w id="fs-ham-0529800" n="5.1.25" lemma="shall" ana="#vmd">should</w>
<w id="fs-ham-0530190" n="5.1.28" lemma="shall" ana="#vmd">should</w>
<w id="fs-ham-0550510" n="5.1.155" lemma="shall" ana="#vmb">shall</w>
<w id="fs-ham-0560750" n="5.1.223" lemma="shall" ana="#vmd">Should</w>
<w id="fs-ham-0563160" n="5.1.236" lemma="shall" ana="#vmd">should</w>
<w id="fs-ham-0563510" n="5.1.238" lemma="shall" ana="#vmd">should</w>
<w id="fs-ham-0564220" n="5.1.245" lemma="shall" ana="#vmd">should</w>
<w id="fs-ham-0565080" n="5.1.251" lemma="shall" ana="#vmb">shall</w>
<w id="fs-ham-0565620" n="5.1.255" lemma="shall" ana="#vmd2">shouldst</w>
<w id="fs-ham-0574800" n="5.1.317" lemma="shall" ana="#vmb">shall</w>
<w id="fs-ham-0575000" n="5.1.318" lemma="shall" ana="#vmb">shall</w>
<w id="fs-ham-0575500" n="5.2.1" lemma="shall" ana="#vmb">shall</w>
<w id="fs-ham-0576850" n="5.2.9" lemma="shall" ana="#vmd">should</w>
<w id="fs-ham-0579180" n="5.2.28" lemma="shall" ana="#vmd">should</w>
<w id="fs-ham-0581870" n="5.2.46" lemma="shall" ana="#vmd">should</w>
<w id="fs-ham-0582600" n="5.2.51" lemma="shall" ana="#vmd">should</w>
<w id="fs-ham-0589690" n="5.2.100" lemma="shall" ana="#vmb">shall</w>
<w id="fs-ham-0590300" n="5.2.103" lemma="shall" ana="#vmd">should</w>
<w id="fs-ham-0593920" n="5.2.123" lemma="shall" ana="#vmb">shall</w>
<w id="fs-ham-0598250" n="5.2.151" lemma="shall" ana="#vmd">should</w>
<w id="fs-ham-0602730" n="5.2.179" lemma="shall" ana="#vmb">shall</w>
<w id="fs-ham-0604820" n="5.2.192" lemma="shall" ana="#vmb">Shall</w>
<w id="fs-ham-0610070" n="5.2.225" lemma="shall" ana="#vmb">shall</w>
<w id="fs-ham-0616770" n="5.2.260" lemma="shall" ana="#vmd">should</w>
<w id="fs-ham-0618560" n="5.2.273" lemma="shall" ana="#vmb">shall</w>
<w id="fs-ham-0621250" n="5.2.290" lemma="shall" ana="#vmb">shall</w>
<w id="fs-ham-0621490" n="5.2.291" lemma="shall" ana="#vmb">shall</w>
<w id="fs-ham-0624560" n="5.2.312" lemma="shall" ana="#vmb">shall</w>
<w id="fs-ham-0635650" n="5.2.379" lemma="shall" ana="#vmb">shall</w>
<w id="fs-ham-0640170" n="5.2.409" lemma="shall" ana="#vmd">should</w>
<w id="fs-ham-0640520" n="5.2.412" lemma="shall" ana="#vmd">should</w>
<w id="fs-ham-0642020" n="5.2.422" lemma="shall" ana="#vmb">shall</w>
<w id="fs-ham-0643710" n="5.2.434" lemma="shall" ana="#vmb">shall</w>
</root>