﻿<root>
<w id="fs-ham-0037660" n="1.2.56" lemma="must" ana="#vmb">must</w>
<w id="fs-ham-0040970" n="1.2.74" lemma="must" ana="#vmb">must</w>
<w id="fs-ham-0043640" n="1.2.93" lemma="must" ana="#vmb">must</w>
<w id="fs-ham-0044930" n="1.2.102" lemma="must" ana="#vmb">must</w>
<w id="fs-ham-0046270" n="1.2.110" lemma="must" ana="#vmb">must</w>
<w id="fs-ham-0052570" n="1.2.147" lemma="must" ana="#vmb">Must</w>
<w id="fs-ham-0055520" n="1.2.164" lemma="must" ana="#vmb">must</w>
<w id="fs-ham-0074920" n="1.3.19" lemma="must" ana="#vmb">must</w>
<w id="fs-ham-0075840" n="1.3.25" lemma="must" ana="#vmb">must</w>
<w id="fs-ham-0085180" n="1.3.85" lemma="must" ana="#vmb">must</w>
<w id="fs-ham-0087980" n="1.3.104" lemma="must" ana="#vmb">must</w>
<w id="fs-ham-0092120" n="1.3.129" lemma="must" ana="#vmb">must</w>
<w id="fs-ham-0111030" n="1.5.7" lemma="must" ana="#vmb">Must</w>
<w id="fs-ham-0113880" n="1.5.27" lemma="must" ana="#vmb">must</w>
<w id="fs-ham-0146870" n="2.1.32" lemma="must" ana="#vmb">must</w>
<w id="fs-ham-0161780" n="2.1.131" lemma="must" ana="#vmb">must</w>
<w id="fs-ham-0184540" n="2.2.142" lemma="must" ana="#vmb">must</w>
<w id="fs-ham-0186060" n="2.2.151" lemma="must" ana="#vmb">must</w>
<w id="fs-ham-0209740" n="2.2.306" lemma="must" ana="#vmb">must</w>
<w id="fs-ham-0225130" n="2.2.397" lemma="must" ana="#vmb">must</w>
<w id="fs-ham-0259030" n="2.2.614" lemma="must" ana="#vmb">Must</w>
<w id="fs-ham-0273950" n="3.1.76" lemma="must" ana="#vmb">Must</w>
<w id="fs-ham-0294280" n="3.1.203" lemma="must" ana="#vmb">must</w>
<w id="fs-ham-0296030" n="3.2.7" lemma="must" ana="#vmb">must</w>
<w id="fs-ham-0299910" n="3.2.29" lemma="must" ana="#vmb">must</w>
<w id="fs-ham-0310580" n="3.2.96" lemma="must" ana="#vmb">must</w>
<w id="fs-ham-0317260" n="3.2.141" lemma="must" ana="#vmb">must</w>
<w id="fs-ham-0325000" n="3.2.187" lemma="must" ana="#vmb">must</w>
<w id="fs-ham-0326360" n="3.2.195" lemma="must" ana="#vmb">must</w>
<w id="fs-ham-0327250" n="3.2.201" lemma="must" ana="#vmb">must</w>
<w id="fs-ham-0342230" n="3.2.299" lemma="must" ana="#vmb">must</w>
<w id="fs-ham-0342320" n="3.2.299" lemma="must" ana="#vmb">must</w>
<w id="fs-ham-0404950" n="3.4.175" lemma="must" ana="#vmb">must</w>
<w id="fs-ham-0408540" n="3.4.196" lemma="must" ana="#vmb">must</w>
<w id="fs-ham-0409040" n="3.4.199" lemma="must" ana="#vmb">must</w>
<w id="fs-ham-0412830" n="3.4.222" lemma="must" ana="#vmb">must</w>
<w id="fs-ham-0413590" n="3.4.227" lemma="must" ana="#vmb">must</w>
<w id="fs-ham-0416310" n="4.1.2" lemma="must" ana="#vmb">must</w>
<w id="fs-ham-0421140" n="4.1.32" lemma="must" ana="#vmb">must</w>
<w id="fs-ham-0427800" n="4.2.25" lemma="must" ana="#vmb">must</w>
<w id="fs-ham-0429440" n="4.3.3" lemma="must" ana="#vmb">must</w>
<w id="fs-ham-0430440" n="4.3.8" lemma="must" ana="#vmb">must</w>
<w id="fs-ham-0436000" n="4.3.46" lemma="must" ana="#vmb">must</w>
<w id="fs-ham-0440200" n="4.3.76" lemma="must" ana="#vmb">must</w>
<w id="fs-ham-0461530" n="4.5.73" lemma="must" ana="#vmb">must</w>
<w id="fs-ham-0478770" n="4.5.194" lemma="must" ana="#vmb">must</w>
<w id="fs-ham-0480460" n="4.5.206" lemma="must" ana="#vmb">must</w>
<w id="fs-ham-0483200" n="4.5.226" lemma="must" ana="#vmb">must</w>
<w id="fs-ham-0485760" n="4.5.242" lemma="must" ana="#vmb">must</w>
<w id="fs-ham-0492760" n="4.7.1" lemma="must" ana="#vmb">must</w>
<w id="fs-ham-0492920" n="4.7.2" lemma="must" ana="#vmb">must</w>
<w id="fs-ham-0497880" n="4.7.32" lemma="must" ana="#vmb">must</w>
<w id="fs-ham-0526850" n="5.1.9" lemma="must" ana="#vmb">must</w>
<w id="fs-ham-0544050" n="5.1.114" lemma="must" ana="#vmb">must</w>
<w id="fs-ham-0548030" n="5.1.140" lemma="must" ana="#vmb">must</w>
<w id="fs-ham-0557440" n="5.1.201" lemma="must" ana="#vmb">must</w>
<w id="fs-ham-0563990" n="5.1.243" lemma="must" ana="#vmb">Must</w>
<w id="fs-ham-0586670" n="5.2.81" lemma="must" ana="#vmb">must</w>
<w id="fs-ham-0600790" n="5.2.168" lemma="must" ana="#vmb">must</w>
<w id="fs-ham-0614180" n="5.2.243" lemma="must" ana="#vmb">must</w>
</root>