﻿<root>
<w id="fs-lr-0001140" n="1.1.6" lemma="can" ana="#vmb">can</w>
<w id="fs-lr-0001920" n="1.1.12" lemma="can" ana="#vmb-x">cannot</w>
<w id="fs-lr-0002100" n="1.1.13" lemma="can" ana="#vmd">could</w>
<w id="fs-lr-0002680" n="1.1.17" lemma="can" ana="#vmb-x">cannot</w>
<w id="fs-lr-0009300" n="1.1.60" lemma="can" ana="#vmb">can</w>
<w id="fs-lr-0009550" n="1.1.63" lemma="can" ana="#vmb">can</w>
<w id="fs-lr-0014430" n="1.1.94" lemma="can" ana="#vmb">can</w>
<w id="fs-lr-0015110" n="1.1.100" lemma="can" ana="#vmb-x">cannot</w>
<w id="fs-lr-0027320" n="1.1.189" lemma="can" ana="#vmb">can</w>
<w id="fs-lr-0028430" n="1.1.195" lemma="can" ana="#vmb">can</w>
<w id="fs-lr-0043710" n="1.1.301" lemma="can" ana="#vmb">Can</w>
<w id="fs-lr-0059970" n="1.2.51" lemma="can" ana="#vmb-x">cannot</w>
<w id="fs-lr-0065760" n="1.2.86" lemma="can" ana="#vmb">can</w>
<w id="fs-lr-0068010" n="1.2.99" lemma="can" ana="#vmb-x">cannot</w>
<w id="fs-lr-0069830" n="1.2.111" lemma="can" ana="#vmb">can</w>
<w id="fs-lr-0082970" n="1.2.192" lemma="can" ana="#vmb">can</w>
<w id="fs-lr-0088170" n="1.4.2" lemma="can" ana="#vmb">can</w>
<w id="fs-lr-0088700" n="1.4.5" lemma="can" ana="#vm2">canst</w>
<w id="fs-lr-0090900" n="1.4.17" lemma="can" ana="#vmb-x">cannot</w>
<w id="fs-lr-0092460" n="1.4.32" lemma="can" ana="#vm2">canst</w>
<w id="fs-lr-0092530" n="1.4.33" lemma="can" ana="#vmb">can</w>
<w id="fs-lr-0097890" n="1.4.65" lemma="can" ana="#vmb-x">cannot</w>
<w id="fs-lr-0104180" n="1.4.103" lemma="can" ana="#vm2">canst</w>
<w id="fs-lr-0108130" n="1.4.134" lemma="can" ana="#vmb">Can</w>
<w id="fs-lr-0108400" n="1.4.136" lemma="can" ana="#vmb">can</w>
<w id="fs-lr-0115430" n="1.4.183" lemma="can" ana="#vmb">can</w>
<w id="fs-lr-0124030" n="1.4.236" lemma="can" ana="#vmb">can</w>
<w id="fs-lr-0137840" n="1.4.329" lemma="can" ana="#vmb-x">cannot</w>
<w id="fs-lr-0143490" n="1.4.368" lemma="can" ana="#vmb-x">cannot</w>
<w id="fs-lr-0146430" n="1.5.16" lemma="can" ana="#vmb">can</w>
<w id="fs-lr-0146510" n="1.5.16" lemma="can" ana="#vmb">can</w>
<w id="fs-lr-0146580" n="1.5.17" lemma="can" ana="#vm2">canst</w>
<w id="fs-lr-0146940" n="1.5.19" lemma="can" ana="#vm2">canst</w>
<w id="fs-lr-0147500" n="1.5.23" lemma="can" ana="#vmb-x">cannot</w>
<w id="fs-lr-0147740" n="1.5.25" lemma="can" ana="#vm2">Canst</w>
<w id="fs-lr-0148050" n="1.5.27" lemma="can" ana="#vmb">can</w>
<w id="fs-lr-0159430" n="2.1.50" lemma="can" ana="#vmd">could</w>
<w id="fs-lr-0166890" n="2.1.101" lemma="can" ana="#vmb">can</w>
<w id="fs-lr-0167280" n="2.1.104" lemma="can" ana="#vmb">can</w>
<w id="fs-lr-0183530" n="2.2.59" lemma="can" ana="#vmd">could</w>
<w id="fs-lr-0189840" n="2.2.103" lemma="can" ana="#vmb-x">cannot</w>
<w id="fs-lr-0208970" n="2.4.26" lemma="can" ana="#vmd">could</w>
<w id="fs-lr-0213560" n="2.4.61" lemma="can" ana="#vm2">canst</w>
<w id="fs-lr-0216130" n="2.4.77" lemma="can" ana="#vmb">can</w>
<w id="fs-lr-0227200" n="2.4.152" lemma="can" ana="#vmb">can</w>
<w id="fs-lr-0228130" n="2.4.158" lemma="can" ana="#vmb-x">cannot</w>
<w id="fs-lr-0240910" n="2.4.245" lemma="can" ana="#vmd">could</w>
<w id="fs-lr-0243770" n="2.4.262" lemma="can" ana="#vm2">canst</w>
<w id="fs-lr-0243920" n="2.4.263" lemma="can" ana="#vmb">can</w>
<w id="fs-lr-0244010" n="2.4.263" lemma="can" ana="#vmb">can</w>
<w id="fs-lr-0246920" n="2.4.282" lemma="can" ana="#vmd">could</w>
<w id="fs-lr-0254700" n="2.4.330" lemma="can" ana="#vmb-x">Cannot</w>
<w id="fs-lr-0275030" n="3.2.50" lemma="can" ana="#vmb-x">cannot</w>
<w id="fs-lr-0278660" n="3.2.77" lemma="can" ana="#vmb">can</w>
<w id="fs-lr-0298040" n="3.4.66" lemma="can" ana="#vmd">could</w>
<w id="fs-lr-0298510" n="3.4.69" lemma="can" ana="#vmd2">Couldst</w>
<w id="fs-lr-0299500" n="3.4.76" lemma="can" ana="#vmd">could</w>
<w id="fs-lr-0312470" n="3.4.156" lemma="can" ana="#vmb-x">cannot</w>
<w id="fs-lr-0314950" n="3.4.171" lemma="can" ana="#vm2">Canst</w>
<w id="fs-lr-0323910" n="3.6.3" lemma="can" ana="#vmb">can</w>
<w id="fs-lr-0331560" n="3.6.54" lemma="can" ana="#vmb-x">cannot</w>
<w id="fs-lr-0365520" n="4.1.16" lemma="can" ana="#vmb">can</w>
<w id="fs-lr-0365790" n="4.1.18" lemma="can" ana="#vmb-x">cannot</w>
<w id="fs-lr-0367280" n="4.1.27" lemma="can" ana="#vmb">can</w>
<w id="fs-lr-0367990" n="4.1.31" lemma="can" ana="#vmb">can</w>
<w id="fs-lr-0368550" n="4.1.35" lemma="can" ana="#vmd">could</w>
<w id="fs-lr-0372500" n="4.1.60" lemma="can" ana="#vmb-x">cannot</w>
<w id="fs-lr-0383210" n="4.2.42" lemma="can" ana="#vmb-x">Cannot</w>
<w id="fs-lr-0384780" n="4.2.55" lemma="can" ana="#vmd">Could</w>
<w id="fs-lr-0390490" n="4.2.97" lemma="can" ana="#vmb">can</w>
<w id="fs-lr-0397780" n="4.3.27" lemma="can" ana="#vmd">could</w>
<w id="fs-lr-0399660" n="4.3.40" lemma="can" ana="#vmd">could</w>
<w id="fs-lr-0404520" n="4.4.9" lemma="can" ana="#vmb">can</w>
<w id="fs-lr-0414310" n="4.5.43" lemma="can" ana="#vmd">could</w>
<w id="fs-lr-0418430" n="4.6.27" lemma="can" ana="#vmb-x">Cannot</w>
<w id="fs-lr-0421380" n="4.6.47" lemma="can" ana="#vmd">could</w>
<w id="fs-lr-0425150" n="4.6.73" lemma="can" ana="#vmb-x">Cannot</w>
<w id="fs-lr-0425770" n="4.6.77" lemma="can" ana="#vmd">could</w>
<w id="fs-lr-0429300" n="4.6.102" lemma="can" ana="#vmb-x">cannot</w>
<w id="fs-lr-0438700" n="4.6.155" lemma="can" ana="#vmd">could</w>
<w id="fs-lr-0451130" n="4.6.232" lemma="can" ana="#vmb">can</w>
<w id="fs-lr-0463190" n="4.6.307" lemma="can" ana="#vmb">can</w>
<w id="fs-lr-0486640" n="5.1.26" lemma="can" ana="#vmd">could</w>
<w id="fs-lr-0490260" n="5.1.49" lemma="can" ana="#vmb">can</w>
<w id="fs-lr-0493140" n="5.1.66" lemma="can" ana="#vmb">can</w>
<w id="fs-lr-0498970" n="5.3.7" lemma="can" ana="#vmd">could</w>
<w id="fs-lr-0505040" n="5.3.44" lemma="can" ana="#vmb-x">cannot</w>
<w id="fs-lr-0526840" n="5.3.190" lemma="can" ana="#vmb">can</w>
<w id="fs-lr-0550100" n="5.3.343" lemma="can" ana="#vmb">can</w>
</root>