﻿<root>
<w id="fs-lr-0004000" n="1.1.24" lemma="must" ana="#vmb">must</w>
<w id="fs-lr-0004660" n="1.1.30" lemma="must" ana="#vmb">must</w>
<w id="fs-lr-0016850" n="1.1.111" lemma="must" ana="#vmb">must</w>
<w id="fs-lr-0036910" n="1.1.252" lemma="must" ana="#vmb">Must</w>
<w id="fs-lr-0037320" n="1.1.255" lemma="must" ana="#vmb">Must</w>
<w id="fs-lr-0041730" n="1.1.285" lemma="must" ana="#vmb">must</w>
<w id="fs-lr-0049930" n="1.1.342" lemma="must" ana="#vmb">must</w>
<w id="fs-lr-0051650" n="1.1.355" lemma="must" ana="#vmb">must</w>
<w id="fs-lr-0054390" n="1.2.17" lemma="must" ana="#vmb">must</w>
<w id="fs-lr-0086420" n="1.3.20" lemma="must" ana="#vmb">must</w>
<w id="fs-lr-0104990" n="1.4.107" lemma="must" ana="#vmb">must</w>
<w id="fs-lr-0105990" n="1.4.115" lemma="must" ana="#vmb">must</w>
<w id="fs-lr-0106080" n="1.4.115" lemma="must" ana="#vmb">must</w>
<w id="fs-lr-0132530" n="1.4.295" lemma="must" ana="#vmb">must</w>
<w id="fs-lr-0154680" n="2.1.18" lemma="must" ana="#vmb">must</w>
<w id="fs-lr-0156710" n="2.1.30" lemma="must" ana="#vmb">must</w>
<w id="fs-lr-0164390" n="2.1.85" lemma="must" ana="#vmb">must</w>
<w id="fs-lr-0165720" n="2.1.95" lemma="must" ana="#vmb">must</w>
<w id="fs-lr-0172950" n="2.1.142" lemma="must" ana="#vmb">must</w>
<w id="fs-lr-0190040" n="2.2.104" lemma="must" ana="#vmb">must</w>
<w id="fs-lr-0197960" n="2.2.158" lemma="must" ana="#vmb">must</w>
<w id="fs-lr-0200800" n="2.2.175" lemma="must" ana="#vmb">must</w>
<w id="fs-lr-0242730" n="2.4.256" lemma="must" ana="#vmb">must</w>
<w id="fs-lr-0244820" n="2.4.269" lemma="must" ana="#vmb">Must</w>
<w id="fs-lr-0248190" n="2.4.290" lemma="must" ana="#vmb">must</w>
<w id="fs-lr-0254990" n="2.4.332" lemma="must" ana="#vmb">must</w>
<w id="fs-lr-0257290" n="2.4.348" lemma="must" ana="#vmb">Must</w>
<w id="fs-lr-0279500" n="3.2.83" lemma="must" ana="#vmb">Must</w>
<w id="fs-lr-0285000" n="3.3.14" lemma="must" ana="#vmb">must</w>
<w id="fs-lr-0286170" n="3.3.19" lemma="must" ana="#vmb">must</w>
<w id="fs-lr-0286920" n="3.3.23" lemma="must" ana="#vmb">must</w>
<w id="fs-lr-0320660" n="3.5.10" lemma="must" ana="#vmb">must</w>
<w id="fs-lr-0328020" n="3.6.29" lemma="must" ana="#vmb">must</w>
<w id="fs-lr-0340240" n="3.6.109" lemma="must" ana="#vmb">must</w>
<w id="fs-lr-0352250" n="3.7.67" lemma="must" ana="#vmb">must</w>
<w id="fs-lr-0369960" n="4.1.44" lemma="must" ana="#vmb">must</w>
<w id="fs-lr-0372760" n="4.1.62" lemma="must" ana="#vmb">must</w>
<w id="fs-lr-0380240" n="4.2.20" lemma="must" ana="#vmb">must</w>
<w id="fs-lr-0383560" n="4.2.44" lemma="must" ana="#vmb">must</w>
<w id="fs-lr-0385550" n="4.2.60" lemma="must" ana="#vmb">must</w>
<w id="fs-lr-0410070" n="4.5.17" lemma="must" ana="#vmb">must</w>
<w id="fs-lr-0444970" n="4.6.196" lemma="must" ana="#vmb">must</w>
<w id="fs-lr-0454750" n="4.6.257" lemma="must" ana="#vmb">must</w>
<w id="fs-lr-0475240" n="4.7.67" lemma="must" ana="#vmb">must</w>
<w id="fs-lr-0479810" n="4.7.97" lemma="must" ana="#vmb">must</w>
<w id="fs-lr-0497280" n="5.2.10" lemma="must" ana="#vmb">must</w>
<w id="fs-lr-0530220" n="5.3.211" lemma="must" ana="#vmb">must</w>
<w id="fs-lr-0557280" n="5.3.391" lemma="must" ana="#vmb">must</w>
<w id="fs-lr-0557510" n="5.3.392" lemma="must" ana="#vmb">must</w>
</root>