﻿<root>
<w id="fs-lr-0007300" n="1.1.46" lemma="will" ana="#n1">will</w>
<w id="fs-lr-0008300" n="1.1.54" lemma="will" ana="#vmb">will</w>
<w id="fs-lr-0014860" n="1.1.99" lemma="will" ana="#vmb">will</w>
<w id="fs-lr-0024250" n="1.1.163" lemma="will" ana="#vmd2">wouldst</w>
<w id="fs-lr-0029890" n="1.1.204" lemma="will" ana="#vm2">wilt</w>
<w id="fs-lr-0032110" n="1.1.218" lemma="will" ana="#vmb">Will</w>
<w id="fs-lr-0032660" n="1.1.222" lemma="will" ana="#vmb">will</w>
<w id="fs-lr-0033960" n="1.1.231" lemma="will" ana="#vmb">Will</w>
<w id="fs-lr-0035210" n="1.1.240" lemma="will" ana="#vmd">would</w>
<w id="fs-lr-0040610" n="1.1.277" lemma="will" ana="#vmb">Will</w>
<w id="fs-lr-0046380" n="1.1.318" lemma="will" ana="#vmd">would</w>
<w id="fs-lr-0048310" n="1.1.331" lemma="will" ana="#vmb">will</w>
<w id="fs-lr-0051420" n="1.1.352" lemma="will" ana="#n1">will</w>
<w id="fs-lr-0060840" n="1.2.55" lemma="will" ana="#vmd">would</w>
<w id="fs-lr-0063150" n="1.2.68" lemma="will" ana="#vmd">would</w>
<w id="fs-lr-0066300" n="1.2.89" lemma="will" ana="#vmd">would</w>
<w id="fs-lr-0067410" n="1.2.95" lemma="will" ana="#vmb">will</w>
<w id="fs-lr-0068910" n="1.2.104" lemma="will" ana="#vmd">would</w>
<w id="fs-lr-0069110" n="1.2.106" lemma="will" ana="#vmb">will</w>
<w id="fs-lr-0079440" n="1.2.170" lemma="will" ana="#vmd">would</w>
<w id="fs-lr-0080270" n="1.2.176" lemma="will" ana="#vmb">will</w>
<w id="fs-lr-0084410" n="1.3.9" lemma="will" ana="#vmb">will</w>
<w id="fs-lr-0086030" n="1.3.18" lemma="will" ana="#vmd">would</w>
<w id="fs-lr-0087240" n="1.3.27" lemma="will" ana="#vmd">would</w>
<w id="fs-lr-0089940" n="1.4.12" lemma="will" ana="#vmd2">wouldst</w>
<w id="fs-lr-0090320" n="1.4.15" lemma="will" ana="#vmb">will</w>
<w id="fs-lr-0091700" n="1.4.23" lemma="will" ana="#vmd2">wouldst</w>
<w id="fs-lr-0091800" n="1.4.25" lemma="will" ana="#vmd2">wouldst</w>
<w id="fs-lr-0092250" n="1.4.29" lemma="will" ana="#vmd">would</w>
<w id="fs-lr-0094260" n="1.4.42" lemma="will" ana="#vmb">will</w>
<w id="fs-lr-0096410" n="1.4.55" lemma="will" ana="#vmd">would</w>
<w id="fs-lr-0096480" n="1.4.56" lemma="will" ana="#vmd">would</w>
<w id="fs-lr-0098800" n="1.4.71" lemma="will" ana="#vmb">will</w>
<w id="fs-lr-0099790" n="1.4.76" lemma="will" ana="#vmd">would</w>
<w id="fs-lr-0102290" n="1.4.91" lemma="will" ana="#vmb">will</w>
<w id="fs-lr-0104340" n="1.4.104" lemma="will" ana="#vm2">’lt</w>
<w id="fs-lr-0104850" n="1.4.107" lemma="will" ana="#n1">will</w>
<w id="fs-lr-0105170" n="1.4.108" lemma="will" ana="#vmd">Would</w>
<w id="fs-lr-0108840" n="1.4.139" lemma="will" ana="#vmb">will</w>
<w id="fs-lr-0109930" n="1.4.149" lemma="will" ana="#vmb">Will</w>
<w id="fs-lr-0110910" n="1.4.156" lemma="will" ana="#vmb">will</w>
<w id="fs-lr-0111140" n="1.4.157" lemma="will" ana="#vmd">would</w>
<w id="fs-lr-0111330" n="1.4.158" lemma="will" ana="#vmb">will</w>
<w id="fs-lr-0115570" n="1.4.184" lemma="will" ana="#vmd">would</w>
<w id="fs-lr-0116220" n="1.4.187" lemma="will" ana="#vm2">’lt</w>
<w id="fs-lr-0116800" n="1.4.190" lemma="will" ana="#vmd">would</w>
<w id="fs-lr-0118620" n="1.4.200" lemma="will" ana="#vmb">will</w>
<w id="fs-lr-0120860" n="1.4.215" lemma="will" ana="#vmd">Would</w>
<w id="fs-lr-0121470" n="1.4.219" lemma="will" ana="#vmb">Will</w>
<w id="fs-lr-0122320" n="1.4.225" lemma="will" ana="#vmd">would</w>
<w id="fs-lr-0122360" n="1.4.225" lemma="will" ana="#vmd">would</w>
<w id="fs-lr-0124230" n="1.4.238" lemma="will" ana="#vmd">would</w>
<w id="fs-lr-0124700" n="1.4.242" lemma="will" ana="#vmb">will</w>
<w id="fs-lr-0126770" n="1.4.255" lemma="will" ana="#vmb">will</w>
<w id="fs-lr-0128530" n="1.4.269" lemma="will" ana="#n1">will</w>
<w id="fs-lr-0139100" n="1.4.338" lemma="will" ana="#vmd">would</w>
<w id="fs-lr-0144970" n="1.5.6" lemma="will" ana="#vmb">will</w>
<w id="fs-lr-0146060" n="1.5.14" lemma="will" ana="#vmb">will</w>
<w id="fs-lr-0146680" n="1.5.18" lemma="will" ana="#vmb">will</w>
<w id="fs-lr-0148700" n="1.5.32" lemma="will" ana="#vmb">will</w>
<w id="fs-lr-0149610" n="1.5.38" lemma="will" ana="#vmd2">wouldst</w>
<w id="fs-lr-0150830" n="1.5.46" lemma="will" ana="#vmd">would</w>
<w id="fs-lr-0152440" n="2.1.4" lemma="will" ana="#vmb">will</w>
<w id="fs-lr-0157650" n="2.1.36" lemma="will" ana="#vmd">would</w>
<w id="fs-lr-0162280" n="2.1.70" lemma="will" ana="#vmb">will</w>
<w id="fs-lr-0163400" n="2.1.78" lemma="will" ana="#vmd">would</w>
<w id="fs-lr-0163490" n="2.1.78" lemma="will" ana="#vmd">would</w>
<w id="fs-lr-0163960" n="2.1.82" lemma="will" ana="#vmd">would</w>
<w id="fs-lr-0165010" n="2.1.90" lemma="will" ana="#vmd">Would</w>
<w id="fs-lr-0165890" n="2.1.96" lemma="will" ana="#vmb">will</w>
<w id="fs-lr-0168100" n="2.1.109" lemma="will" ana="#vmd">would</w>
<w id="fs-lr-0175620" n="2.2.9" lemma="will" ana="#vmd">would</w>
<w id="fs-lr-0176930" n="2.2.19" lemma="will" ana="#vmd2">wouldst</w>
<w id="fs-lr-0177620" n="2.2.22" lemma="will" ana="#vmb">will</w>
<w id="fs-lr-0184560" n="2.2.66" lemma="will" ana="#vmb">will</w>
<w id="fs-lr-0184670" n="2.2.66" lemma="will" ana="#vmb">will</w>
<w id="fs-lr-0190140" n="2.2.105" lemma="will" ana="#vmb">will</w>
<w id="fs-lr-0192200" n="2.2.119" lemma="will" ana="#vmb">will</w>
<w id="fs-lr-0196600" n="2.2.150" lemma="will" ana="#vmb">will</w>
<w id="fs-lr-0197430" n="2.2.155" lemma="will" ana="#vmb">Will</w>
<w id="fs-lr-0199540" n="2.2.169" lemma="will" ana="#vmb">Will</w>
<w id="fs-lr-0203570" n="2.3.6" lemma="will" ana="#vmb">will</w>
<w id="fs-lr-0209020" n="2.4.26" lemma="will" ana="#vmd">would</w>
<w id="fs-lr-0215230" n="2.4.72" lemma="will" ana="#vmd2">’dst</w>
<w id="fs-lr-0217120" n="2.4.82" lemma="will" ana="#vmd">would</w>
<w id="fs-lr-0217610" n="2.4.86" lemma="will" ana="#vmb">Will</w>
<w id="fs-lr-0217900" n="2.4.88" lemma="will" ana="#vmb">will</w>
<w id="fs-lr-0217990" n="2.4.88" lemma="will" ana="#vmb">will</w>
<w id="fs-lr-0220770" n="2.4.111" lemma="will" ana="#vmd">would</w>
<w id="fs-lr-0220900" n="2.4.113" lemma="will" ana="#vmd">Would</w>
<w id="fs-lr-0222400" n="2.4.123" lemma="will" ana="#n1">will</w>
<w id="fs-lr-0224020" n="2.4.134" lemma="will" ana="#vmd">would</w>
<w id="fs-lr-0226380" n="2.4.146" lemma="will" ana="#vmd">would</w>
<w id="fs-lr-0227330" n="2.4.152" lemma="will" ana="#vm2">’lt</w>
<w id="fs-lr-0228260" n="2.4.159" lemma="will" ana="#vmd">Would</w>
<w id="fs-lr-0232770" n="2.4.190" lemma="will" ana="#vmb">will</w>
<w id="fs-lr-0235470" n="2.4.209" lemma="will" ana="#vmd">would</w>
<w id="fs-lr-0237620" n="2.4.223" lemma="will" ana="#vmb">will</w>
<w id="fs-lr-0238320" n="2.4.228" lemma="will" ana="#vmb">Will</w>
<w id="fs-lr-0239250" n="2.4.235" lemma="will" ana="#vmb">will</w>
<w id="fs-lr-0241940" n="2.4.252" lemma="will" ana="#vmb">will</w>
<w id="fs-lr-0243280" n="2.4.259" lemma="will" ana="#vmb">will</w>
<w id="fs-lr-0247030" n="2.4.282" lemma="will" ana="#vmb">will</w>
<w id="fs-lr-0247440" n="2.4.285" lemma="will" ana="#vmb">Will</w>
<w id="fs-lr-0252700" n="2.4.320" lemma="will" ana="#vmb">will</w>
<w id="fs-lr-0252950" n="2.4.321" lemma="will" ana="#vmb">will</w>
<w id="fs-lr-0256100" n="2.4.340" lemma="will" ana="#vmb">will</w>
<w id="fs-lr-0260460" n="3.1.13" lemma="will" ana="#vmd">would</w>
<w id="fs-lr-0260800" n="3.1.17" lemma="will" ana="#vmb">will</w>
<w id="fs-lr-0264550" n="3.1.37" lemma="will" ana="#vmb">will</w>
<w id="fs-lr-0265300" n="3.1.47" lemma="will" ana="#vmb">will</w>
<w id="fs-lr-0266350" n="3.1.54" lemma="will" ana="#vmb">will</w>
<w id="fs-lr-0266710" n="3.1.56" lemma="will" ana="#vmb">will</w>
<w id="fs-lr-0271260" n="3.2.24" lemma="will" ana="#vmb">will</w>
<w id="fs-lr-0272050" n="3.2.29" lemma="will" ana="#vmb">will</w>
<w id="fs-lr-0273180" n="3.2.39" lemma="will" ana="#vmb">will</w>
<w id="fs-lr-0273340" n="3.2.40" lemma="will" ana="#vmb">will</w>
<w id="fs-lr-0277090" n="3.2.67" lemma="will" ana="#vmb">will</w>
<w id="fs-lr-0284740" n="3.3.12" lemma="will" ana="#vmb">will</w>
<w id="fs-lr-0285130" n="3.3.14" lemma="will" ana="#vmb">will</w>
<w id="fs-lr-0288250" n="3.4.6" lemma="will" ana="#vm2">Wilt</w>
<w id="fs-lr-0289166" n="3.4.11" lemma="will" ana="#vmd2">’dst</w>
<w id="fs-lr-0289440" n="3.4.13" lemma="will" ana="#vmd2">’dst</w>
<w id="fs-lr-0290440" n="3.4.19" lemma="will" ana="#vmb">will</w>
<w id="fs-lr-0290550" n="3.4.20" lemma="will" ana="#vmb">will</w>
<w id="fs-lr-0290870" n="3.4.21" lemma="will" ana="#vmb">will</w>
<w id="fs-lr-0291920" n="3.4.28" lemma="will" ana="#vmb">will</w>
<w id="fs-lr-0292090" n="3.4.29" lemma="will" ana="#vmd">would</w>
<w id="fs-lr-0298600" n="3.4.69" lemma="will" ana="#vmd2">Wouldst</w>
<w id="fs-lr-0300490" n="3.4.84" lemma="will" ana="#vmb">will</w>
<w id="fs-lr-0315330" n="3.4.173" lemma="will" ana="#vmd">would</w>
<w id="fs-lr-0317650" n="3.4.189" lemma="will" ana="#vmb">will</w>
<w id="fs-lr-0319360" n="3.5.1" lemma="will" ana="#vmb">will</w>
<w id="fs-lr-0322490" n="3.5.22" lemma="will" ana="#vmb">will</w>
<w id="fs-lr-0322640" n="3.5.22" lemma="will" ana="#vmb">will</w>
<w id="fs-lr-0323000" n="3.5.25" lemma="will" ana="#vmb">will</w>
<w id="fs-lr-0323740" n="3.6.2" lemma="will" ana="#vmb">will</w>
<w id="fs-lr-0323960" n="3.6.3" lemma="will" ana="#vmb">will</w>
<w id="fs-lr-0326900" n="3.6.20" lemma="will" ana="#vmb">will</w>
<w id="fs-lr-0329130" n="3.6.36" lemma="will" ana="#vmb">Will</w>
<w id="fs-lr-0333690" n="3.6.67" lemma="will" ana="#vmb">will</w>
<w id="fs-lr-0334490" n="3.6.74" lemma="will" ana="#vmb">will</w>
<w id="fs-lr-0336290" n="3.6.84" lemma="will" ana="#vmb">will</w>
<w id="fs-lr-0339410" n="3.6.102" lemma="will" ana="#vmb">will</w>
<w id="fs-lr-0339880" n="3.6.106" lemma="will" ana="#vmb">will</w>
<w id="fs-lr-0342410" n="3.6.125" lemma="will" ana="#vmb">will</w>
<w id="fs-lr-0349710" n="3.7.48" lemma="will" ana="#vmb">Will</w>
<w id="fs-lr-0350140" n="3.7.50" lemma="will" ana="#vmb">will</w>
<w id="fs-lr-0352450" n="3.7.69" lemma="will" ana="#vmd">would</w>
<w id="fs-lr-0353190" n="3.7.73" lemma="will" ana="#vmd">would</w>
<w id="fs-lr-0354690" n="3.7.83" lemma="will" ana="#vmb">will</w>
<w id="fs-lr-0355330" n="3.7.86" lemma="will" ana="#vmb">will</w>
<w id="fs-lr-0361710" n="3.7.124" lemma="will" ana="#vmb">will</w>
<w id="fs-lr-0362090" n="3.7.126" lemma="will" ana="#vmd">would</w>
<w id="fs-lr-0364850" n="4.1.12" lemma="will" ana="#vmd">would</w>
<w id="fs-lr-0370660" n="4.1.49" lemma="will" ana="#vm2">wilt</w>
<w id="fs-lr-0372230" n="4.1.58" lemma="will" ana="#vmb">will</w>
<w id="fs-lr-0375330" n="4.1.78" lemma="will" ana="#vmb">will</w>
<w id="fs-lr-0381450" n="4.2.28" lemma="will" ana="#vmd">Would</w>
<w id="fs-lr-0383390" n="4.2.43" lemma="will" ana="#vmb">will</w>
<w id="fs-lr-0384600" n="4.2.51" lemma="will" ana="#vmd">would</w>
<w id="fs-lr-0385490" n="4.2.59" lemma="will" ana="#vmb">will</w>
<w id="fs-lr-0397630" n="4.3.26" lemma="will" ana="#vmd">would</w>
<w id="fs-lr-0400630" n="4.3.49" lemma="will" ana="#vmb">Will</w>
<w id="fs-lr-0402400" n="4.3.63" lemma="will" ana="#vmb">Will</w>
<w id="fs-lr-0405410" n="4.4.16" lemma="will" ana="#vmb">Will</w>
<w id="fs-lr-0414270" n="4.5.43" lemma="will" ana="#vmd">Would</w>
<w id="fs-lr-0419320" n="4.6.33" lemma="will" ana="#vmd">Would</w>
<w id="fs-lr-0421640" n="4.6.48" lemma="will" ana="#n2">wills</w>
<w id="fs-lr-0423930" n="4.6.63" lemma="will" ana="#vmd2">’dst</w>
<w id="fs-lr-0425940" n="4.6.78" lemma="will" ana="#n1">will</w>
<w id="fs-lr-0429130" n="4.6.100" lemma="will" ana="#vmb">will</w>
<w id="fs-lr-0430320" n="4.6.109" lemma="will" ana="#vmb">will</w>
<w id="fs-lr-0432490" n="4.6.121" lemma="will" ana="#vmd">would</w>
<w id="fs-lr-0438820" n="4.6.156" lemma="will" ana="#vmd">would</w>
<w id="fs-lr-0444610" n="4.6.194" lemma="will" ana="#vm2">wilt</w>
<w id="fs-lr-0445420" n="4.6.198" lemma="will" ana="#vmb">will</w>
<w id="fs-lr-0448160" n="4.6.215" lemma="will" ana="#vmd">would</w>
<w id="fs-lr-0448590" n="4.6.218" lemma="will" ana="#vmb">will</w>
<w id="fs-lr-0448780" n="4.6.219" lemma="will" ana="#vmb">will</w>
<w id="fs-lr-0450720" n="4.6.229" lemma="will" ana="#n1">will</w>
<w id="fs-lr-0457920" n="4.6.276" lemma="will" ana="#vm2">wilt</w>
<w id="fs-lr-0458950" n="4.6.282" lemma="will" ana="#vmd">would</w>
<w id="fs-lr-0460780" n="4.6.292" lemma="will" ana="#n1">will</w>
<w id="fs-lr-0460900" n="4.6.293" lemma="will" ana="#vmb">will</w>
<w id="fs-lr-0461740" n="4.6.298" lemma="will" ana="#vmd">would</w>
<w id="fs-lr-0462110" n="4.6.300" lemma="will" ana="#n1">will</w>
<w id="fs-lr-0465240" n="4.7.2" lemma="will" ana="#vmb">will</w>
<w id="fs-lr-0468150" n="4.7.24" lemma="will" ana="#n1">will</w>
<w id="fs-lr-0474460" n="4.7.62" lemma="will" ana="#vmb">will</w>
<w id="fs-lr-0474740" n="4.7.63" lemma="will" ana="#vmd">Would</w>
<w id="fs-lr-0477830" n="4.7.82" lemma="will" ana="#vmb">will</w>
<w id="fs-lr-0481900" n="4.7.111" lemma="will" ana="#vmb">will</w>
<w id="fs-lr-0488790" n="5.1.42" lemma="will" ana="#vmb">will</w>
<w id="fs-lr-0490360" n="5.1.49" lemma="will" ana="#vmb">will</w>
<w id="fs-lr-0491520" n="5.1.57" lemma="will" ana="#vmb">will</w>
<w id="fs-lr-0492340" n="5.1.62" lemma="will" ana="#vmb">will</w>
<w id="fs-lr-0494060" n="5.1.72" lemma="will" ana="#vmd">would</w>
<w id="fs-lr-0499570" n="5.3.10" lemma="will" ana="#vmb">will</w>
<w id="fs-lr-0504080" n="5.3.38" lemma="will" ana="#vmb">Will</w>
<w id="fs-lr-0504230" n="5.3.38" lemma="will" ana="#vm2">’lt</w>
<w id="fs-lr-0513870" n="5.3.105" lemma="will" ana="#vmb">will</w>
<w id="fs-lr-0516260" n="5.3.121" lemma="will" ana="#vmb">will</w>
<w id="fs-lr-0518290" n="5.3.134" lemma="will" ana="#vmb">will</w>
<w id="fs-lr-0527910" n="5.3.196" lemma="will" ana="#vmb">will</w>
<w id="fs-lr-0531350" n="5.3.218" lemma="will" ana="#vmd">would</w>
<w id="fs-lr-0531790" n="5.3.221" lemma="will" ana="#vmd">would</w>
<w id="fs-lr-0535040" n="5.3.242" lemma="will" ana="#vmd">would</w>
<w id="fs-lr-0535390" n="5.3.244" lemma="will" ana="#vmd">would</w>
<w id="fs-lr-0540360" n="5.3.277" lemma="will" ana="#vmb">will</w>
<w id="fs-lr-0545820" n="5.3.314" lemma="will" ana="#vmb">will</w>
<w id="fs-lr-0548620" n="5.3.334" lemma="will" ana="#vmd">would</w>
<w id="fs-lr-0552670" n="5.3.362" lemma="will" ana="#vmb">will</w>
<w id="fs-lr-0554310" n="5.3.371" lemma="will" ana="#vm2">’lt</w>
<w id="fs-lr-0555780" n="5.3.381" lemma="will" ana="#vmd">would</w>
</root>