﻿<root>
<w id="fs-lr-0004900" n="1.1.31" lemma="shall" ana="#vmb">shall</w>
<w id="fs-lr-0005150" n="1.1.33" lemma="shall" ana="#vmb">shall</w>
<w id="fs-lr-0005780" n="1.1.36" lemma="shall" ana="#vmb">shall</w>
<w id="fs-lr-0005940" n="1.1.37" lemma="shall" ana="#vmb">shall</w>
<w id="fs-lr-0008610" n="1.1.56" lemma="shall" ana="#vmb">shall</w>
<w id="fs-lr-0010520" n="1.1.68" lemma="shall" ana="#vmb">shall</w>
<w id="fs-lr-0016730" n="1.1.110" lemma="shall" ana="#vmb">shall</w>
<w id="fs-lr-0016930" n="1.1.111" lemma="shall" ana="#vmb">shall</w>
<w id="fs-lr-0017200" n="1.1.114" lemma="shall" ana="#vmb">shall</w>
<w id="fs-lr-0019560" n="1.1.131" lemma="shall" ana="#vmb">shall</w>
<w id="fs-lr-0022180" n="1.1.150" lemma="shall" ana="#vmb">shall</w>
<w id="fs-lr-0022400" n="1.1.151" lemma="shall" ana="#vmb">shall</w>
<w id="fs-lr-0024440" n="1.1.164" lemma="shall" ana="#vmb">shall</w>
<w id="fs-lr-0029640" n="1.1.203" lemma="shall" ana="#vmb">shall</w>
<w id="fs-lr-0036510" n="1.1.249" lemma="shall" ana="#vmd">should</w>
<w id="fs-lr-0037470" n="1.1.256" lemma="shall" ana="#vmd">Should</w>
<w id="fs-lr-0042070" n="1.1.289" lemma="shall" ana="#vmb">shall</w>
<w id="fs-lr-0043080" n="1.1.296" lemma="shall" ana="#vmd">should</w>
<w id="fs-lr-0044520" n="1.1.305" lemma="shall" ana="#vmb">shall</w>
<w id="fs-lr-0047340" n="1.1.325" lemma="shall" ana="#vmb">shall</w>
<w id="fs-lr-0051520" n="1.1.354" lemma="shall" ana="#vmb">shall</w>
<w id="fs-lr-0052260" n="1.2.2" lemma="shall" ana="#vmd">should</w>
<w id="fs-lr-0055070" n="1.2.22" lemma="shall" ana="#vmb">Shall</w>
<w id="fs-lr-0057540" n="1.2.37" lemma="shall" ana="#vmb">shall</w>
<w id="fs-lr-0058500" n="1.2.43" lemma="shall" ana="#vmb">shall</w>
<w id="fs-lr-0060980" n="1.2.56" lemma="shall" ana="#vmd">should</w>
<w id="fs-lr-0061440" n="1.2.59" lemma="shall" ana="#vmd">should</w>
<w id="fs-lr-0064360" n="1.2.77" lemma="shall" ana="#vmd">should</w>
<w id="fs-lr-0065540" n="1.2.84" lemma="shall" ana="#vmb">shall</w>
<w id="fs-lr-0065960" n="1.2.87" lemma="shall" ana="#vmd">should</w>
<w id="fs-lr-0067500" n="1.2.96" lemma="shall" ana="#vmb">shall</w>
<w id="fs-lr-0069330" n="1.2.107" lemma="shall" ana="#vmb">shall</w>
<w id="fs-lr-0071740" n="1.2.121" lemma="shall" ana="#vmb">shall</w>
<w id="fs-lr-0074680" n="1.2.138" lemma="shall" ana="#vmd">should</w>
<w id="fs-lr-0076320" n="1.2.148" lemma="shall" ana="#vmd">should</w>
<w id="fs-lr-0081700" n="1.2.185" lemma="shall" ana="#vmb">Shall</w>
<w id="fs-lr-0084760" n="1.3.11" lemma="shall" ana="#vmb">shall</w>
<w id="fs-lr-0087390" n="1.3.27" lemma="shall" ana="#vmb">shall</w>
<w id="fs-lr-0089020" n="1.4.8" lemma="shall" ana="#vmb">Shall</w>
<w id="fs-lr-0094020" n="1.4.41" lemma="shall" ana="#vm2">shalt</w>
<w id="fs-lr-0107540" n="1.4.130" lemma="shall" ana="#vm2">shalt</w>
<w id="fs-lr-0111900" n="1.4.161" lemma="shall" ana="#vmb">shall</w>
<w id="fs-lr-0115140" n="1.4.181" lemma="shall" ana="#vmd">should</w>
<w id="fs-lr-0119150" n="1.4.204" lemma="shall" ana="#vmb">shall</w>
<w id="fs-lr-0120800" n="1.4.214" lemma="shall" ana="#vmd">should</w>
<w id="fs-lr-0124520" n="1.4.240" lemma="shall" ana="#vmd">should</w>
<w id="fs-lr-0125490" n="1.4.247" lemma="shall" ana="#vmd">should</w>
<w id="fs-lr-0127090" n="1.4.257" lemma="shall" ana="#vmb">shall</w>
<w id="fs-lr-0135630" n="1.4.315" lemma="shall" ana="#vmd">Should</w>
<w id="fs-lr-0137090" n="1.4.324" lemma="shall" ana="#vmb">shall</w>
<w id="fs-lr-0137380" n="1.4.325" lemma="shall" ana="#vm2">shalt</w>
<w id="fs-lr-0138940" n="1.4.337" lemma="shall" ana="#vmd">Should</w>
<w id="fs-lr-0144850" n="1.5.4" lemma="shall" ana="#vmb">shall</w>
<w id="fs-lr-0145790" n="1.5.11" lemma="shall" ana="#vmb">shall</w>
<w id="fs-lr-0145960" n="1.5.14" lemma="shall" ana="#vm2">Shalt</w>
<w id="fs-lr-0150290" n="1.5.43" lemma="shall" ana="#vmd2">shouldst</w>
<w id="fs-lr-0151430" n="1.5.51" lemma="shall" ana="#vmb">Shall</w>
<w id="fs-lr-0161800" n="2.1.67" lemma="shall" ana="#vmb">shall</w>
<w id="fs-lr-0162430" n="2.1.71" lemma="shall" ana="#vmb">shall</w>
<w id="fs-lr-0163870" n="2.1.80" lemma="shall" ana="#vmd">should</w>
<w id="fs-lr-0165620" n="2.1.94" lemma="shall" ana="#vmb">shall</w>
<w id="fs-lr-0171080" n="2.1.129" lemma="shall" ana="#vmb">shall</w>
<w id="fs-lr-0171760" n="2.1.133" lemma="shall" ana="#vmb">shall</w>
<w id="fs-lr-0171940" n="2.1.134" lemma="shall" ana="#vmb">shall</w>
<w id="fs-lr-0172130" n="2.1.136" lemma="shall" ana="#vmb">shall</w>
<w id="fs-lr-0185700" n="2.2.74" lemma="shall" ana="#vmd">should</w>
<w id="fs-lr-0192310" n="2.2.119" lemma="shall" ana="#vmd">should</w>
<w id="fs-lr-0195200" n="2.2.141" lemma="shall" ana="#vmb">shall</w>
<w id="fs-lr-0195810" n="2.2.146" lemma="shall" ana="#vmb">shall</w>
<w id="fs-lr-0196370" n="2.2.149" lemma="shall" ana="#vmd">should</w>
<w id="fs-lr-0198200" n="2.2.160" lemma="shall" ana="#vmd">Should</w>
<w id="fs-lr-0200050" n="2.2.171" lemma="shall" ana="#vmb">shall</w>
<w id="fs-lr-0201980" n="2.2.183" lemma="shall" ana="#vmb">shall</w>
<w id="fs-lr-0206220" n="2.4.1" lemma="shall" ana="#vmd">should</w>
<w id="fs-lr-0212920" n="2.4.57" lemma="shall" ana="#vmb">Shall</w>
<w id="fs-lr-0213370" n="2.4.60" lemma="shall" ana="#vm2">shalt</w>
<w id="fs-lr-0222800" n="2.4.127" lemma="shall" ana="#vmd">Should</w>
<w id="fs-lr-0226280" n="2.4.145" lemma="shall" ana="#vmd2">shouldst</w>
<w id="fs-lr-0229320" n="2.4.166" lemma="shall" ana="#vmd">should</w>
<w id="fs-lr-0233070" n="2.4.192" lemma="shall" ana="#vm2">shalt</w>
<w id="fs-lr-0233230" n="2.4.193" lemma="shall" ana="#vmb">shall</w>
<w id="fs-lr-0239770" n="2.4.238" lemma="shall" ana="#vmb">shall</w>
<w id="fs-lr-0245530" n="2.4.273" lemma="shall" ana="#vmd">should</w>
<w id="fs-lr-0246040" n="2.4.276" lemma="shall" ana="#vmd">Should</w>
<w id="fs-lr-0252910" n="2.4.321" lemma="shall" ana="#vmb">shall</w>
<w id="fs-lr-0253220" n="2.4.322" lemma="shall" ana="#vmb">shall</w>
<w id="fs-lr-0253770" n="2.4.326" lemma="shall" ana="#vmb">Shall</w>
<w id="fs-lr-0254060" n="2.4.327" lemma="shall" ana="#vmb">shall</w>
<w id="fs-lr-0264480" n="3.1.36" lemma="shall" ana="#vmb">shall</w>
<w id="fs-lr-0266030" n="3.1.52" lemma="shall" ana="#vmb">shall</w>
<w id="fs-lr-0266190" n="3.1.53" lemma="shall" ana="#vmb">shall</w>
<w id="fs-lr-0272260" n="3.2.31" lemma="shall" ana="#vmb">shall</w>
<w id="fs-lr-0272570" n="3.2.34" lemma="shall" ana="#vmd">should</w>
<w id="fs-lr-0272610" n="3.2.35" lemma="shall" ana="#vmb">Shall</w>
<w id="fs-lr-0281860" n="3.2.98" lemma="shall" ana="#vmb">shall</w>
<w id="fs-lr-0282260" n="3.2.101" lemma="shall" ana="#vmb">shall</w>
<w id="fs-lr-0282420" n="3.2.102" lemma="shall" ana="#vmb">shall</w>
<w id="fs-lr-0286590" n="3.3.21" lemma="shall" ana="#vmb">shall</w>
<w id="fs-lr-0290220" n="3.4.18" lemma="shall" ana="#vmd">should</w>
<w id="fs-lr-0293020" n="3.4.34" lemma="shall" ana="#vmb">shall</w>
<w id="fs-lr-0299860" n="3.4.79" lemma="shall" ana="#vmd">Should</w>
<w id="fs-lr-0323150" n="3.5.25" lemma="shall" ana="#vm2">shalt</w>
<w id="fs-lr-0326810" n="3.6.20" lemma="shall" ana="#vmb">shall</w>
<w id="fs-lr-0330760" n="3.6.48" lemma="shall" ana="#vmb">shall</w>
<w id="fs-lr-0338580" n="3.6.96" lemma="shall" ana="#vm2">shalt</w>
<w id="fs-lr-0338810" n="3.6.99" lemma="shall" ana="#vmd2">shouldst</w>
<w id="fs-lr-0344750" n="3.7.12" lemma="shall" ana="#vmb">shall</w>
<w id="fs-lr-0347290" n="3.7.29" lemma="shall" ana="#vmb">Shall</w>
<w id="fs-lr-0348940" n="3.7.42" lemma="shall" ana="#vm2">shalt</w>
<w id="fs-lr-0350030" n="3.7.50" lemma="shall" ana="#vmd">should</w>
<w id="fs-lr-0353800" n="3.7.77" lemma="shall" ana="#vmd2">shouldst</w>
<w id="fs-lr-0354090" n="3.7.79" lemma="shall" ana="#vmb">shall</w>
<w id="fs-lr-0354290" n="3.7.81" lemma="shall" ana="#vm2">shalt</w>
<w id="fs-lr-0369800" n="4.1.43" lemma="shall" ana="#vmd">should</w>
<w id="fs-lr-0375610" n="4.1.80" lemma="shall" ana="#vmd">should</w>
<w id="fs-lr-0376730" n="4.1.88" lemma="shall" ana="#vmb">shall</w>
<w id="fs-lr-0376940" n="4.1.90" lemma="shall" ana="#vmb">shall</w>
<w id="fs-lr-0378980" n="4.2.12" lemma="shall" ana="#vmd">should</w>
<w id="fs-lr-0379250" n="4.2.14" lemma="shall" ana="#vmb">shall</w>
<w id="fs-lr-0380550" n="4.2.22" lemma="shall" ana="#vmb">Shall</w>
<w id="fs-lr-0396610" n="4.3.20" lemma="shall" ana="#vmd">should</w>
<w id="fs-lr-0402670" n="4.3.64" lemma="shall" ana="#vmb">shall</w>
<w id="fs-lr-0410800" n="4.5.22" lemma="shall" ana="#vmd">should</w>
<w id="fs-lr-0414430" n="4.5.43" lemma="shall" ana="#vmd">should</w>
<w id="fs-lr-0414890" n="4.6.1" lemma="shall" ana="#vmb">shall</w>
<w id="fs-lr-0421800" n="4.6.49" lemma="shall" ana="#vmd">should</w>
<w id="fs-lr-0434110" n="4.6.130" lemma="shall" ana="#vm2">shalt</w>
<w id="fs-lr-0437700" n="4.6.150" lemma="shall" ana="#vmb">Shall</w>
<w id="fs-lr-0447650" n="4.6.211" lemma="shall" ana="#vmb">shall</w>
<w id="fs-lr-0447950" n="4.6.213" lemma="shall" ana="#vmb">shall</w>
<w id="fs-lr-0449530" n="4.6.223" lemma="shall" ana="#vmb">shall</w>
<w id="fs-lr-0463780" n="4.6.311" lemma="shall" ana="#vmd">should</w>
<w id="fs-lr-0465020" n="4.7.1" lemma="shall" ana="#vmb">shall</w>
<w id="fs-lr-0471190" n="4.7.43" lemma="shall" ana="#vmd">should</w>
<w id="fs-lr-0474140" n="4.7.60" lemma="shall" ana="#vmd">should</w>
<w id="fs-lr-0476040" n="4.7.73" lemma="shall" ana="#vmd">should</w>
<w id="fs-lr-0485020" n="5.1.18" lemma="shall" ana="#vmb">shall</w>
<w id="fs-lr-0485870" n="5.1.22" lemma="shall" ana="#vmd">Should</w>
<w id="fs-lr-0488150" n="5.1.38" lemma="shall" ana="#vmb">shall</w>
<w id="fs-lr-0491130" n="5.1.55" lemma="shall" ana="#vmb">shall</w>
<w id="fs-lr-0492950" n="5.1.65" lemma="shall" ana="#vmb">shall</w>
<w id="fs-lr-0493520" n="5.1.69" lemma="shall" ana="#vmb">shall</w>
<w id="fs-lr-0494650" n="5.1.76" lemma="shall" ana="#vmb">Shall</w>
<w id="fs-lr-0499090" n="5.3.8" lemma="shall" ana="#vmb">Shall</w>
<w id="fs-lr-0501990" n="5.3.25" lemma="shall" ana="#vmb">shall</w>
<w id="fs-lr-0502350" n="5.3.27" lemma="shall" ana="#vmb">shall</w>
<w id="fs-lr-0502520" n="5.3.28" lemma="shall" ana="#vmb">shall</w>
<w id="fs-lr-0506440" n="5.3.50" lemma="shall" ana="#vmb">shall</w>
<w id="fs-lr-0508060" n="5.3.62" lemma="shall" ana="#vmb">shall</w>
<w id="fs-lr-0510820" n="5.3.82" lemma="shall" ana="#vmd">should</w>
<w id="fs-lr-0511400" n="5.3.86" lemma="shall" ana="#vmd">should</w>
<w id="fs-lr-0523370" n="5.3.170" lemma="shall" ana="#vmd">should</w>
<w id="fs-lr-0524720" n="5.3.178" lemma="shall" ana="#vmb">shall</w>
<w id="fs-lr-0524860" n="5.3.179" lemma="shall" ana="#vmb">shall</w>
<w id="fs-lr-0526070" n="5.3.186" lemma="shall" ana="#vmb">shall</w>
<w id="fs-lr-0534250" n="5.3.237" lemma="shall" ana="#vmb">shall</w>
<w id="fs-lr-0545250" n="5.3.310" lemma="shall" ana="#vmd">should</w>
<w id="fs-lr-0552530" n="5.3.362" lemma="shall" ana="#vmb">Shall</w>
<w id="fs-lr-0553320" n="5.3.366" lemma="shall" ana="#vmb">shall</w>
<w id="fs-lr-0553960" n="5.3.370" lemma="shall" ana="#vmd">should</w>
<w id="fs-lr-0557940" n="5.3.395" lemma="shall" ana="#vmb">Shall</w>
</root>