﻿<root>
<w id="fs-lr-0007490" n="1.1.48" lemma="may" ana="#vmb">May</w>
<w id="fs-lr-0008850" n="1.1.57" lemma="may" ana="#vmb">may</w>
<w id="fs-lr-0015730" n="1.1.104" lemma="may" ana="#vmb">may</w>
<w id="fs-lr-0030630" n="1.1.210" lemma="may" ana="#vmb">may</w>
<w id="fs-lr-0030770" n="1.1.211" lemma="may" ana="#vmb">may</w>
<w id="fs-lr-0033630" n="1.1.228" lemma="may" ana="#vmb">may</w>
<w id="fs-lr-0047640" n="1.1.327" lemma="may" ana="#vmb">may</w>
<w id="fs-lr-0060710" n="1.2.55" lemma="may" ana="#vmb">may</w>
<w id="fs-lr-0078700" n="1.2.166" lemma="may" ana="#vmb">may</w>
<w id="fs-lr-0087450" n="1.3.28" lemma="may" ana="#vmb">may</w>
<w id="fs-lr-0088310" n="1.4.3" lemma="may" ana="#vmb">May</w>
<w id="fs-lr-0088850" n="1.4.7" lemma="may" ana="#vmb">may</w>
<w id="fs-lr-0106240" n="1.4.116" lemma="may" ana="#vmb">may</w>
<w id="fs-lr-0121170" n="1.4.217" lemma="may" ana="#vmd">Might</w>
<w id="fs-lr-0122920" n="1.4.229" lemma="may" ana="#vmb">May</w>
<w id="fs-lr-0127240" n="1.4.258" lemma="may" ana="#vmb">may</w>
<w id="fs-lr-0131480" n="1.4.288" lemma="may" ana="#vmb">may</w>
<w id="fs-lr-0132720" n="1.4.296" lemma="may" ana="#vmb">may</w>
<w id="fs-lr-0133510" n="1.4.301" lemma="may" ana="#vmb">may</w>
<w id="fs-lr-0140060" n="1.4.346" lemma="may" ana="#vmb">may</w>
<w id="fs-lr-0140450" n="1.4.348" lemma="may" ana="#vmb">may</w>
<w id="fs-lr-0142370" n="1.4.361" lemma="may" ana="#vmb">may</w>
<w id="fs-lr-0143430" n="1.4.368" lemma="may" ana="#vmb">may</w>
<w id="fs-lr-0147580" n="1.5.23" lemma="may" ana="#vmb">may</w>
<w id="fs-lr-0153700" n="2.1.13" lemma="may" ana="#vmb">may</w>
<w id="fs-lr-0166070" n="2.1.97" lemma="may" ana="#vmb">May</w>
<w id="fs-lr-0174850" n="2.2.4" lemma="may" ana="#vmb">may</w>
<w id="fs-lr-0198420" n="2.2.162" lemma="may" ana="#vmb">may</w>
<w id="fs-lr-0200280" n="2.2.172" lemma="may" ana="#vmb">may</w>
<w id="fs-lr-0201460" n="2.2.179" lemma="may" ana="#vmb">may</w>
<w id="fs-lr-0203510" n="2.3.5" lemma="may" ana="#vmb">may</w>
<w id="fs-lr-0209480" n="2.4.30" lemma="may" ana="#vmd2">might’st</w>
<w id="fs-lr-0246320" n="2.4.278" lemma="may" ana="#vmd">might</w>
<w id="fs-lr-0257660" n="2.4.350" lemma="may" ana="#vmb">may</w>
<w id="fs-lr-0259590" n="3.1.7" lemma="may" ana="#vmd">might</w>
<w id="fs-lr-0283080" n="3.3.3" lemma="may" ana="#vmd">might</w>
<w id="fs-lr-0293830" n="3.4.40" lemma="may" ana="#vm2">may’st</w>
<w id="fs-lr-0319640" n="3.5.3" lemma="may" ana="#vmb">may</w>
<w id="fs-lr-0322170" n="3.5.20" lemma="may" ana="#vmb">may</w>
<w id="fs-lr-0339670" n="3.6.105" lemma="may" ana="#vmd">might</w>
<w id="fs-lr-0347020" n="3.7.27" lemma="may" ana="#vmb">may</w>
<w id="fs-lr-0347470" n="3.7.30" lemma="may" ana="#vmb">May</w>
<w id="fs-lr-0365700" n="4.1.17" lemma="may" ana="#vmb">may</w>
<w id="fs-lr-0366690" n="4.1.24" lemma="may" ana="#vmd">Might</w>
<w id="fs-lr-0367770" n="4.1.30" lemma="may" ana="#vmb">may</w>
<w id="fs-lr-0379890" n="4.2.18" lemma="may" ana="#vmb">May</w>
<w id="fs-lr-0391480" n="4.2.104" lemma="may" ana="#vmb">May</w>
<w id="fs-lr-0393100" n="4.2.114" lemma="may" ana="#vmd">Might</w>
<w id="fs-lr-0407580" n="4.4.32" lemma="may" ana="#vmb">may</w>
<w id="fs-lr-0408700" n="4.5.8" lemma="may" ana="#vmd">might</w>
<w id="fs-lr-0410540" n="4.5.20" lemma="may" ana="#vmb">may</w>
<w id="fs-lr-0410910" n="4.5.22" lemma="may" ana="#vmd">Might</w>
<w id="fs-lr-0413160" n="4.5.36" lemma="may" ana="#vmb">may</w>
<w id="fs-lr-0415920" n="4.6.9" lemma="may" ana="#vmb">may</w>
<w id="fs-lr-0422430" n="4.6.53" lemma="may" ana="#vmb">may</w>
<w id="fs-lr-0423250" n="4.6.58" lemma="may" ana="#vmd">might</w>
<w id="fs-lr-0440260" n="4.6.165" lemma="may" ana="#vmb">may</w>
<w id="fs-lr-0441500" n="4.6.173" lemma="may" ana="#vmd2">might’st</w>
<w id="fs-lr-0459440" n="4.6.286" lemma="may" ana="#vmb">May</w>
<w id="fs-lr-0467720" n="4.7.21" lemma="may" ana="#vmb">may</w>
<w id="fs-lr-0495860" n="5.2.2" lemma="may" ana="#vmb">may</w>
<w id="fs-lr-0497050" n="5.2.9" lemma="may" ana="#vmb">may</w>
<w id="fs-lr-0506570" n="5.3.51" lemma="may" ana="#vmb">May</w>
<w id="fs-lr-0509480" n="5.3.72" lemma="may" ana="#vmd">might</w>
<w id="fs-lr-0509980" n="5.3.75" lemma="may" ana="#vmb">may</w>
<w id="fs-lr-0521010" n="5.3.155" lemma="may" ana="#vmb">may</w>
<w id="fs-lr-0523910" n="5.3.173" lemma="may" ana="#vmd">might</w>
<w id="fs-lr-0547270" n="5.3.326" lemma="may" ana="#vmd">might</w>
<w id="fs-lr-0552500" n="5.3.361" lemma="may" ana="#vmb">may</w>
</root>