﻿<root>
<w id="fs-mac-0000250" n="1.1.1" lemma="shall" ana="#vmb" facs="mac.1.1.0003">shall</w>
<w id="fs-mac-0009260" n="1.2.52" lemma="shall" ana="#vmd" facs="mac.1.2.0070">should</w>
<w id="fs-mac-0011800" n="1.2.73" lemma="shall" ana="#vmb" facs="mac.1.2.0090">shall</w>
<w id="fs-mac-0015000" n="1.3.20" lemma="shall" ana="#vmb" facs="mac.1.3.0117">shall</w>
<w id="fs-mac-0015210" n="1.3.22" lemma="shall" ana="#vmb" facs="mac.1.3.0119">shall</w>
<w id="fs-mac-0015420" n="1.3.24" lemma="shall" ana="#vmb" facs="mac.1.3.0121">Shall</w>
<w id="fs-mac-0015720" n="1.3.26" lemma="shall" ana="#vmb" facs="mac.1.3.0123">shall</w>
<w id="fs-mac-0018830" n="1.3.47" lemma="shall" ana="#vmd" facs="mac.1.3.0144">should</w>
<w id="fs-mac-0019890" n="1.3.53" lemma="shall" ana="#vm2" facs="mac.1.3.0150">shalt</w>
<w id="fs-mac-0022330" n="1.3.70" lemma="shall" ana="#vm2" facs="mac.1.3.0167">shalt</w>
<w id="fs-mac-0025490" n="1.3.89" lemma="shall" ana="#vmb" facs="mac.1.3.0188">shall</w>
<w id="fs-mac-0025580" n="1.3.90" lemma="shall" ana="#vmb" facs="mac.1.3.0189">shall</w>
<w id="fs-mac-0026720" n="1.3.97" lemma="shall" ana="#vmd" facs="mac.1.3.0197">should</w>
<w id="fs-mac-0031160" n="1.3.128" lemma="shall" ana="#vmb" facs="mac.1.3.0227">shall</w>
<w id="fs-mac-0042140" n="1.4.29" lemma="shall" ana="#vmd" facs="mac.1.4.0309">should</w>
<w id="fs-mac-0044590" n="1.4.47" lemma="shall" ana="#vmb" facs="mac.1.4.0328">shall</w>
<w id="fs-mac-0049640" n="1.5.10" lemma="shall" ana="#vm2" facs="mac.1.5.0356">shalt</w>
<w id="fs-mac-0050590" n="1.5.15" lemma="shall" ana="#vm2" facs="mac.1.5.0361">shalt</w>
<w id="fs-mac-0051370" n="1.5.20" lemma="shall" ana="#vmd" facs="mac.1.5.0366">should</w>
<w id="fs-mac-0052320" n="1.5.28" lemma="shall" ana="#vmd" facs="mac.1.5.0372">should</w>
<w id="fs-mac-0058390" n="1.5.72" lemma="shall" ana="#vmb" facs="mac.1.5.0416">Shall</w>
<w id="fs-mac-0059560" n="1.5.79" lemma="shall" ana="#vmb" facs="mac.1.5.0422">shall</w>
<w id="fs-mac-0059750" n="1.5.81" lemma="shall" ana="#vmb" facs="mac.1.5.0424">shall</w>
<w id="fs-mac-0062980" n="1.6.16" lemma="shall" ana="#vmb" facs="mac.1.6.0448">shall</w>
<w id="fs-mac-0066070" n="1.6.38" lemma="shall" ana="#vmb" facs="mac.1.6.0469">shall</w>
<w id="fs-mac-0069100" n="1.7.15" lemma="shall" ana="#vmd" facs="mac.1.7.0489">should</w>
<w id="fs-mac-0070420" n="1.7.24" lemma="shall" ana="#vmb" facs="mac.1.7.0498">Shall</w>
<w id="fs-mac-0070620" n="1.7.25" lemma="shall" ana="#vmb" facs="mac.1.7.0499">shall</w>
<w id="fs-mac-0077040" n="1.7.68" lemma="shall" ana="#vmd" facs="mac.1.7.0539">should</w>
<w id="fs-mac-0077530" n="1.7.72" lemma="shall" ana="#vmb" facs="mac.1.7.0543">shall</w>
<w id="fs-mac-0078050" n="1.7.76" lemma="shall" ana="#vmb" facs="mac.1.7.0547">Shall</w>
<w id="fs-mac-0078890" n="1.7.81" lemma="shall" ana="#vmb" facs="mac.1.7.0552">shall</w>
<w id="fs-mac-0079210" n="1.7.84" lemma="shall" ana="#vmd" facs="mac.1.7.0555">should</w>
<w id="fs-mac-0080030" n="1.7.90" lemma="shall" ana="#vmb" facs="mac.1.7.0561">shall</w>
<w id="fs-mac-0084360" n="2.1.23" lemma="shall" ana="#vmd" facs="mac.2.1.0594">should</w>
<w id="fs-mac-0085550" n="2.1.34" lemma="shall" ana="#vmb" facs="mac.2.1.0603">shall</w>
<w id="fs-mac-0085720" n="2.1.35" lemma="shall" ana="#vmb" facs="mac.2.1.0604">shall</w>
<w id="fs-mac-0086200" n="2.1.39" lemma="shall" ana="#vmb" facs="mac.2.1.0608">shall</w>
<w id="fs-mac-0100330" n="2.2.57" lemma="shall" ana="#vmb" facs="mac.2.2.0700">Shall</w>
<w id="fs-mac-0100440" n="2.2.57" lemma="shall" ana="#vmb" facs="mac.2.2.0700">shall</w>
<w id="fs-mac-0106660" n="2.3.2" lemma="shall" ana="#vmd" facs="mac.2.3.0745">should</w>
<w id="fs-mac-0127930" n="2.3.143" lemma="shall" ana="#vmd" facs="mac.2.3.0888">should</w>
<w id="fs-mac-0131160" n="2.3.164" lemma="shall" ana="#vmb" facs="mac.2.3.0913">Shall</w>
<w id="fs-mac-0134260" n="2.4.12" lemma="shall" ana="#vmd" facs="mac.2.4.0935">should</w>
<w id="fs-mac-0140370" n="3.1.4" lemma="shall" ana="#vmd" facs="mac.3.1.0985">should</w>
<w id="fs-mac-0140550" n="3.1.5" lemma="shall" ana="#vmd" facs="mac.3.1.0986">should</w>
<w id="fs-mac-0143190" n="3.1.23" lemma="shall" ana="#vmd" facs="mac.3.1.1006">should</w>
<w id="fs-mac-0145280" n="3.1.37" lemma="shall" ana="#vmb" facs="mac.3.1.1020">shall</w>
<w id="fs-mac-0161510" n="3.1.143" lemma="shall" ana="#vmb" facs="mac.3.1.1130">shall</w>
<w id="fs-mac-0166250" n="3.2.12" lemma="shall" ana="#vmd" facs="mac.3.2.1164">should</w>
<w id="fs-mac-0166500" n="3.2.14" lemma="shall" ana="#vmd" facs="mac.3.2.1166">Should</w>
<w id="fs-mac-0169410" n="3.2.33" lemma="shall" ana="#vmb" facs="mac.3.2.1186">shall</w>
<w id="fs-mac-0171760" n="3.2.48" lemma="shall" ana="#vmb" facs="mac.3.2.1202">shall</w>
<w id="fs-mac-0189130" n="3.4.68" lemma="shall" ana="#vmb" facs="mac.3.4.1325">shall</w>
<w id="fs-mac-0191990" n="3.4.87" lemma="shall" ana="#vmb" facs="mac.3.4.1343">Shall</w>
<w id="fs-mac-0197950" n="3.4.125" lemma="shall" ana="#vmb" facs="mac.3.4.1380">Shall</w>
<w id="fs-mac-0203700" n="3.4.166" lemma="shall" ana="#vmb" facs="mac.3.4.1417">shall</w>
<w id="fs-mac-0204150" n="3.4.168" lemma="shall" ana="#vmb" facs="mac.3.4.1419">shall</w>
<w id="fs-mac-0204400" n="3.4.169" lemma="shall" ana="#vmd" facs="mac.3.4.1420">should</w>
<w id="fs-mac-0209580" n="3.5.27" lemma="shall" ana="#vmb" facs="mac.3.5.1457">Shall</w>
<w id="fs-mac-0209800" n="3.5.29" lemma="shall" ana="#vmb" facs="mac.3.5.1459">Shall</w>
<w id="fs-mac-0209960" n="3.5.30" lemma="shall" ana="#vmb" facs="mac.3.5.1460">shall</w>
<w id="fs-mac-0214670" n="3.6.20" lemma="shall" ana="#vmb" facs="mac.3.6.1491">shall</w>
<w id="fs-mac-0214740" n="3.6.20" lemma="shall" ana="#vmd" facs="mac.3.6.1491">should</w>
<w id="fs-mac-0214910" n="3.6.22" lemma="shall" ana="#vmd" facs="mac.3.6.1492">should</w>
<w id="fs-mac-0218470" n="3.6.47" lemma="shall" ana="#vmd" facs="mac.3.6.1516">should</w>
<w id="fs-mac-0224900" n="4.1.40" lemma="shall" ana="#vmb" facs="mac.4.1.1568">shall</w>
<w id="fs-mac-0231610" n="4.1.92" lemma="shall" ana="#vmb" facs="mac.4.1.1622">Shall</w>
<w id="fs-mac-0232200" n="4.1.95" lemma="shall" ana="#vm2" facs="mac.4.1.1625">shalt</w>
<w id="fs-mac-0233740" n="4.1.105" lemma="shall" ana="#vmb" facs="mac.4.1.1635">shall</w>
<w id="fs-mac-0233960" n="4.1.107" lemma="shall" ana="#vmb" facs="mac.4.1.1637">Shall</w>
<w id="fs-mac-0234770" n="4.1.113" lemma="shall" ana="#vmb" facs="mac.4.1.1643">Shall</w>
<w id="fs-mac-0235410" n="4.1.116" lemma="shall" ana="#vmb" facs="mac.4.1.1646">shall</w>
<w id="fs-mac-0243250" n="4.1.167" lemma="shall" ana="#vmb" facs="mac.4.1.1700">shall</w>
<w id="fs-mac-0249180" n="4.2.27" lemma="shall" ana="#vmb" facs="mac.4.2.1737">Shall</w>
<w id="fs-mac-0250100" n="4.2.32" lemma="shall" ana="#vmd" facs="mac.4.2.1743">should</w>
<w id="fs-mac-0251660" n="4.2.42" lemma="shall" ana="#vmd" facs="mac.4.2.1754">should</w>
<w id="fs-mac-0255830" n="4.2.68" lemma="shall" ana="#vmd" facs="mac.4.2.1781">should</w>
<w id="fs-mac-0257770" n="4.2.81" lemma="shall" ana="#vmd" facs="mac.4.2.1794">should</w>
<w id="fs-mac-0261870" n="4.3.12" lemma="shall" ana="#vmb" facs="mac.4.3.1825">shall</w>
<w id="fs-mac-0263690" n="4.3.24" lemma="shall" ana="#vmb" facs="mac.4.3.1836">shall</w>
<w id="fs-mac-0265540" n="4.3.38" lemma="shall" ana="#vmb" facs="mac.4.3.1849">shall</w>
<w id="fs-mac-0267980" n="4.3.55" lemma="shall" ana="#vmb" facs="mac.4.3.1865">shall</w>
<w id="fs-mac-0268290" n="4.3.57" lemma="shall" ana="#vmb" facs="mac.4.3.1867">Shall</w>
<w id="fs-mac-0268680" n="4.3.59" lemma="shall" ana="#vmb" facs="mac.4.3.1869">shall</w>
<w id="fs-mac-0268750" n="4.3.60" lemma="shall" ana="#vmd" facs="mac.4.3.1870">should</w>
<w id="fs-mac-0269200" n="4.3.63" lemma="shall" ana="#vmb" facs="mac.4.3.1873">shall</w>
<w id="fs-mac-0273340" n="4.3.94" lemma="shall" ana="#vmd" facs="mac.4.3.1904">should</w>
<w id="fs-mac-0273950" n="4.3.97" lemma="shall" ana="#vmd" facs="mac.4.3.1907">should</w>
<w id="fs-mac-0276140" n="4.3.113" lemma="shall" ana="#vmd" facs="mac.4.3.1923">should</w>
<w id="fs-mac-0277240" n="4.3.123" lemma="shall" ana="#vm2" facs="mac.4.3.1932">shalt</w>
<w id="fs-mac-0291980" n="4.3.226" lemma="shall" ana="#vmd" facs="mac.4.3.2037">should</w>
<w id="fs-mac-0293230" n="4.3.237" lemma="shall" ana="#vmb" facs="mac.4.3.2047">shall</w>
<w id="fs-mac-0296310" n="4.3.260" lemma="shall" ana="#vmb" facs="mac.4.3.2070">shall</w>
<w id="fs-mac-0302860" n="5.1.18" lemma="shall" ana="#vmd" facs="mac.5.1.2109">should</w>
<w id="fs-mac-0307970" n="5.1.48" lemma="shall" ana="#vmd" facs="mac.5.1.2139">should</w>
<w id="fs-mac-0308110" n="5.1.50" lemma="shall" ana="#vmd" facs="mac.5.1.2140">should</w>
<w id="fs-mac-0314210" n="5.2.7" lemma="shall" ana="#vmb" facs="mac.5.2.2182">Shall</w>
<w id="fs-mac-0316930" n="5.2.26" lemma="shall" ana="#vmb" facs="mac.5.2.2201">shall</w>
<w id="fs-mac-0319640" n="5.3.7" lemma="shall" ana="#vmb" facs="mac.5.3.2221">Shall</w>
<w id="fs-mac-0320160" n="5.3.11" lemma="shall" ana="#vmb" facs="mac.5.3.2224">Shall</w>
<w id="fs-mac-0322640" n="5.3.28" lemma="shall" ana="#vmd" facs="mac.5.3.2241">should</w>
<w id="fs-mac-0327680" n="5.3.66" lemma="shall" ana="#vmd" facs="mac.5.3.2277">should</w>
<w id="fs-mac-0329040" n="5.3.76" lemma="shall" ana="#vmd" facs="mac.5.3.2286">should</w>
<w id="fs-mac-0330470" n="5.4.7" lemma="shall" ana="#vmb" facs="mac.5.4.2297">shall</w>
<w id="fs-mac-0330800" n="5.4.10" lemma="shall" ana="#vmb" facs="mac.5.4.2300">shall</w>
<w id="fs-mac-0332470" n="5.4.24" lemma="shall" ana="#vmb" facs="mac.5.4.2314">shall</w>
<w id="fs-mac-0334120" n="5.5.5" lemma="shall" ana="#vmd" facs="mac.5.5.2325">should</w>
<w id="fs-mac-0336290" n="5.5.20" lemma="shall" ana="#vmd" facs="mac.5.5.2338">should</w>
<w id="fs-mac-0338410" n="5.5.34" lemma="shall" ana="#vmd" facs="mac.5.5.2352">should</w>
<w id="fs-mac-0339980" n="5.5.45" lemma="shall" ana="#vmb" facs="mac.5.5.2363">shall</w>
<w id="fs-mac-0342950" n="5.6.3" lemma="shall" ana="#vmb" facs="mac.5.6.2384">Shall</w>
<w id="fs-mac-0343280" n="5.6.5" lemma="shall" ana="#vmb" facs="mac.5.6.2386">Shall</w>
<w id="fs-mac-0348460" n="5.7.25" lemma="shall" ana="#vmd2" facs="mac.5.7.2422">shouldst</w>
<w id="fs-mac-0350260" n="5.8.1" lemma="shall" ana="#vmd" facs="mac.5.8.2436">should</w>
<w id="fs-mac-0361490" n="5.8.72" lemma="shall" ana="#vmb" facs="mac.5.8.2513">shall</w>
</root>