﻿<root>
<w id="fs-mac-0007480" n="1.2.40" lemma="must" ana="#vmb" facs="mac.1.2.0057">must</w>
<w id="fs-mac-0042840" n="1.4.34" lemma="must" ana="#vmb" facs="mac.1.4.0315">must</w>
<w id="fs-mac-0044340" n="1.4.45" lemma="must" ana="#vmb" facs="mac.1.4.0326">must</w>
<w id="fs-mac-0045830" n="1.4.56" lemma="must" ana="#vmb" facs="mac.1.4.0337">must</w>
<w id="fs-mac-0051980" n="1.5.25" lemma="must" ana="#vmb" facs="mac.1.5.0370">must</w>
<w id="fs-mac-0059430" n="1.5.79" lemma="must" ana="#vmb" facs="mac.1.5.0422">Must</w>
<w id="fs-mac-0080690" n="1.7.95" lemma="must" ana="#vmb" facs="mac.1.7.0566">must</w>
<w id="fs-mac-0098630" n="2.2.45" lemma="must" ana="#vmb" facs="mac.2.2.0689">must</w>
<w id="fs-mac-0101430" n="2.2.63" lemma="must" ana="#vmb" facs="mac.2.2.0706">must</w>
<w id="fs-mac-0102950" n="2.2.73" lemma="must" ana="#vmb" facs="mac.2.2.0716">must</w>
<w id="fs-mac-0144210" n="3.1.29" lemma="must" ana="#vmb" facs="mac.3.1.1012">must</w>
<w id="fs-mac-0160490" n="3.1.136" lemma="must" ana="#vmb" facs="mac.3.1.1123">must</w>
<w id="fs-mac-0162440" n="3.1.150" lemma="must" ana="#vmb" facs="mac.3.1.1137">must</w>
<w id="fs-mac-0163400" n="3.1.156" lemma="must" ana="#vmb" facs="mac.3.1.1143">must</w>
<w id="fs-mac-0164290" n="3.1.162" lemma="must" ana="#vmb" facs="mac.3.1.1149">must</w>
<w id="fs-mac-0169980" n="3.2.37" lemma="must" ana="#vmb" facs="mac.3.2.1189">Must</w>
<w id="fs-mac-0170420" n="3.2.40" lemma="must" ana="#vmb" facs="mac.3.2.1193">must</w>
<w id="fs-mac-0191820" n="3.4.85" lemma="must" ana="#vmb" facs="mac.3.4.1341">must</w>
<w id="fs-mac-0204870" n="3.4.172" lemma="must" ana="#vmb" facs="mac.3.4.1423">must</w>
<w id="fs-mac-0208960" n="3.5.22" lemma="must" ana="#vmb" facs="mac.3.5.1452">must</w>
<w id="fs-mac-0212610" n="3.6.8" lemma="must" ana="#vmb" facs="mac.3.6.1479">must</w>
<w id="fs-mac-0245350" n="4.2.2" lemma="must" ana="#vmb" facs="mac.4.2.1713">must</w>
<w id="fs-mac-0254090" n="4.2.57" lemma="must" ana="#vmb" facs="mac.4.2.1770">must</w>
<w id="fs-mac-0254180" n="4.2.58" lemma="must" ana="#vmb" facs="mac.4.2.1771">must</w>
<w id="fs-mac-0254460" n="4.2.60" lemma="must" ana="#vmb" facs="mac.4.2.1773">must</w>
<w id="fs-mac-0264330" n="4.3.30" lemma="must" ana="#vmb" facs="mac.4.3.1840">must</w>
<w id="fs-mac-0295050" n="4.3.250" lemma="must" ana="#vmb" facs="mac.4.3.2060">must</w>
<w id="fs-mac-0296410" n="4.3.261" lemma="must" ana="#vmb" facs="mac.4.3.2071">must</w>
<w id="fs-mac-0322910" n="5.3.30" lemma="must" ana="#vmb" facs="mac.5.3.2243">must</w>
<w id="fs-mac-0326160" n="5.3.57" lemma="must" ana="#vmb" facs="mac.5.3.2269">Must</w>
<w id="fs-mac-0332830" n="5.4.26" lemma="must" ana="#vmb" facs="mac.5.4.2316">must</w>
<w id="fs-mac-0344720" n="5.7.2" lemma="must" ana="#vmb" facs="mac.5.7.2397">must</w>
<w id="fs-mac-0352390" n="5.8.15" lemma="must" ana="#vmb" facs="mac.5.8.2451">must</w>
<w id="fs-mac-0356920" n="5.8.41" lemma="must" ana="#vmb" facs="mac.5.8.2481">must</w>
<w id="fs-mac-0358550" n="5.8.51" lemma="must" ana="#vmb" facs="mac.5.8.2491">Must</w>
</root>