﻿<root>
<w id="fs-mac-0018440" n="1.3.44" lemma="may" ana="#vmb" facs="mac.1.3.0142">may</w>
<w id="fs-mac-0031580" n="1.3.133" lemma="may" ana="#vmd" facs="mac.1.3.0231">Might</w>
<w id="fs-mac-0035260" n="1.3.157" lemma="may" ana="#vmb" facs="mac.1.3.0256">may</w>
<w id="fs-mac-0035870" n="1.3.163" lemma="may" ana="#vmb" facs="mac.1.3.0261">may</w>
<w id="fs-mac-0040990" n="1.4.23" lemma="may" ana="#vmd" facs="mac.1.4.0303">Might</w>
<w id="fs-mac-0049990" n="1.5.12" lemma="may" ana="#vmd2" facs="mac.1.5.0358">might’st</w>
<w id="fs-mac-0052490" n="1.5.29" lemma="may" ana="#vmb" facs="mac.1.5.0373">may</w>
<w id="fs-mac-0058700" n="1.5.74" lemma="may" ana="#vmb" facs="mac.1.5.0418">May</w>
<w id="fs-mac-0067360" n="1.7.5" lemma="may" ana="#vmd" facs="mac.1.7.0479">Might</w>
<w id="fs-mac-0074500" n="1.7.51" lemma="may" ana="#vmb" facs="mac.1.7.0524">may</w>
<w id="fs-mac-0109040" n="2.3.15" lemma="may" ana="#vmb" facs="mac.2.3.0757">may</w>
<w id="fs-mac-0111910" n="2.3.32" lemma="may" ana="#vmb" facs="mac.2.3.0773">may</w>
<w id="fs-mac-0127710" n="2.3.142" lemma="may" ana="#vmb" facs="mac.2.3.0887">may</w>
<w id="fs-mac-0128190" n="2.3.144" lemma="may" ana="#vmb" facs="mac.2.3.0890">may</w>
<w id="fs-mac-0138870" n="2.4.52" lemma="may" ana="#vmb" facs="mac.2.4.0974">may</w>
<w id="fs-mac-0141180" n="3.1.9" lemma="may" ana="#vmb" facs="mac.3.1.0990">May</w>
<w id="fs-mac-0153920" n="3.1.91" lemma="may" ana="#vmd" facs="mac.3.1.1078">might</w>
<w id="fs-mac-0160770" n="3.1.138" lemma="may" ana="#vmb" facs="mac.3.1.1125">may</w>
<w id="fs-mac-0177650" n="3.3.26" lemma="may" ana="#vm2" facs="mac.3.3.1245">mayst</w>
<w id="fs-mac-0186530" n="3.4.48" lemma="may" ana="#vmb" facs="mac.3.4.1306">may</w>
<w id="fs-mac-0189750" n="3.4.72" lemma="may" ana="#vmd" facs="mac.3.4.1328">might</w>
<w id="fs-mac-0204970" n="3.4.172" lemma="may" ana="#vmb" facs="mac.3.4.1423">may</w>
<w id="fs-mac-0212340" n="3.6.7" lemma="may" ana="#vmb" facs="mac.3.6.1478">may</w>
<w id="fs-mac-0216990" n="3.6.37" lemma="may" ana="#vmb" facs="mac.3.6.1506">may</w>
<w id="fs-mac-0218770" n="3.6.49" lemma="may" ana="#vmd" facs="mac.3.6.1518">might</w>
<w id="fs-mac-0219420" n="3.6.54" lemma="may" ana="#vmb" facs="mac.3.6.1523">May</w>
<w id="fs-mac-0232300" n="4.1.96" lemma="may" ana="#vmb" facs="mac.4.1.1626">may</w>
<w id="fs-mac-0240400" n="4.1.147" lemma="may" ana="#vmb" facs="mac.4.1.1678">may</w>
<w id="fs-mac-0259210" n="4.2.91" lemma="may" ana="#vm2" facs="mac.4.2.1805">mayst</w>
<w id="fs-mac-0262150" n="4.3.13" lemma="may" ana="#vmb" facs="mac.4.3.1826">may</w>
<w id="fs-mac-0262840" n="4.3.18" lemma="may" ana="#vmb" facs="mac.4.3.1830">may</w>
<w id="fs-mac-0263530" n="4.3.23" lemma="may" ana="#vmb" facs="mac.4.3.1835">may</w>
<w id="fs-mac-0265420" n="4.3.37" lemma="may" ana="#vmb" facs="mac.4.3.1848">may</w>
<w id="fs-mac-0272130" n="4.3.84" lemma="may" ana="#vmb" facs="mac.4.3.1894">may</w>
<w id="fs-mac-0272410" n="4.3.86" lemma="may" ana="#vmb" facs="mac.4.3.1896">may</w>
<w id="fs-mac-0299740" n="4.3.281" lemma="may" ana="#vmb" facs="mac.4.3.2090">may</w>
<w id="fs-mac-0302700" n="5.1.17" lemma="may" ana="#vmb" facs="mac.5.1.2109">may</w>
<w id="fs-mac-0334190" n="5.5.7" lemma="may" ana="#vmd" facs="mac.5.5.2326">might</w>
<w id="fs-mac-0339600" n="5.5.42" lemma="may" ana="#vmb" facs="mac.5.5.2360">may</w>
<w id="fs-mac-0351850" n="5.8.12" lemma="may" ana="#vm2" facs="mac.5.8.2448">mayst</w>
<w id="fs-mac-0354660" n="5.8.31" lemma="may" ana="#vmb" facs="mac.5.8.2467">may</w>
</root>