﻿<root>
<w id="fs-mac-0000770" n="1.1.5" lemma="will" ana="#vmb" facs="mac.1.1.0007">will</w>
<w id="fs-mac-0011250" n="1.2.70" lemma="will" ana="#vmd" facs="mac.1.2.0087">would</w>
<w id="fs-mac-0021420" n="1.3.62" lemma="will" ana="#vmb" facs="mac.1.3.0159">will</w>
<w id="fs-mac-0021500" n="1.3.62" lemma="will" ana="#vmb" facs="mac.1.3.0159">will</w>
<w id="fs-mac-0024920" n="1.3.85" lemma="will" ana="#vmd" facs="mac.1.3.0184">Would</w>
<w id="fs-mac-0035120" n="1.3.157" lemma="will" ana="#vmb" facs="mac.1.3.0255">will</w>
<w id="fs-mac-0040740" n="1.4.21" lemma="will" ana="#vmd" facs="mac.1.4.0301">Would</w>
<w id="fs-mac-0042520" n="1.4.32" lemma="will" ana="#vmb" facs="mac.1.4.0313">will</w>
<w id="fs-mac-0043970" n="1.4.43" lemma="will" ana="#vmb" facs="mac.1.4.0324">will</w>
<w id="fs-mac-0051150" n="1.5.18" lemma="will" ana="#vmd2" facs="mac.1.5.0364">wouldst</w>
<w id="fs-mac-0051480" n="1.5.20" lemma="will" ana="#vmd2" facs="mac.1.5.0366">wouldst</w>
<w id="fs-mac-0051530" n="1.5.22" lemma="will" ana="#vmd2" facs="mac.1.5.0367">wouldst</w>
<w id="fs-mac-0051600" n="1.5.22" lemma="will" ana="#vmd2" facs="mac.1.5.0367">wouldst</w>
<w id="fs-mac-0051710" n="1.5.23" lemma="will" ana="#vmd2" facs="mac.1.5.0368">wouldst</w>
<w id="fs-mac-0051800" n="1.5.23" lemma="will" ana="#vmd2">’dst</w>
<w id="fs-mac-0053760" n="1.5.38" lemma="will" ana="#vmd" facs="mac.1.5.0382">Would</w>
<w id="fs-mac-0054460" n="1.5.42" lemma="will" ana="#vmd" facs="mac.1.5.0386">would</w>
<w id="fs-mac-0060070" n="1.5.83" lemma="will" ana="#vmb" facs="mac.1.5.0426">will</w>
<w id="fs-mac-0069750" n="1.7.19" lemma="will" ana="#vmb" facs="mac.1.7.0493">Will</w>
<w id="fs-mac-0071810" n="1.7.34" lemma="will" ana="#vmb" facs="mac.1.7.0507">will</w>
<w id="fs-mac-0072310" n="1.7.37" lemma="will" ana="#vmd" facs="mac.1.7.0510">would</w>
<w id="fs-mac-0073680" n="1.7.45" lemma="will" ana="#vmd2" facs="mac.1.7.0518">Wouldst</w>
<w id="fs-mac-0074180" n="1.7.48" lemma="will" ana="#vmd" facs="mac.1.7.0521">would</w>
<w id="fs-mac-0075390" n="1.7.57" lemma="will" ana="#vmd" facs="mac.1.7.0529">would</w>
<w id="fs-mac-0075730" n="1.7.59" lemma="will" ana="#vmd" facs="mac.1.7.0531">would</w>
<w id="fs-mac-0076370" n="1.7.64" lemma="will" ana="#vmd" facs="mac.1.7.0535">would</w>
<w id="fs-mac-0077750" n="1.7.74" lemma="will" ana="#vmb" facs="mac.1.7.0545">Will</w>
<w id="fs-mac-0079310" n="1.7.85" lemma="will" ana="#vmb" facs="mac.1.7.0556">Will</w>
<w id="fs-mac-0082430" n="2.1.9" lemma="will" ana="#vmd" facs="mac.2.1.0580">would</w>
<w id="fs-mac-0084200" n="2.1.22" lemma="will" ana="#n1" facs="mac.2.1.0593">will</w>
<w id="fs-mac-0085120" n="2.1.30" lemma="will" ana="#vmd" facs="mac.2.1.0600">would</w>
<w id="fs-mac-0085330" n="2.1.32" lemma="will" ana="#vmd" facs="mac.2.1.0601">would</w>
<w id="fs-mac-0098820" n="2.2.46" lemma="will" ana="#vmb" facs="mac.2.2.0690">will</w>
<w id="fs-mac-0103680" n="2.2.78" lemma="will" ana="#vmb" facs="mac.2.2.0721">Will</w>
<w id="fs-mac-0104010" n="2.2.79" lemma="will" ana="#vmb" facs="mac.2.2.0722">will</w>
<w id="fs-mac-0106150" n="2.2.94" lemma="will" ana="#vmd" facs="mac.2.2.0740">would</w>
<w id="fs-mac-0121370" n="2.3.99" lemma="will" ana="#vmd" facs="mac.2.3.0843">Would</w>
<w id="fs-mac-0130520" n="2.3.160" lemma="will" ana="#vmb" facs="mac.2.3.0907">will</w>
<w id="fs-mac-0135600" n="2.4.21" lemma="will" ana="#vmd" facs="mac.2.4.0944">would</w>
<w id="fs-mac-0137590" n="2.4.40" lemma="will" ana="#vmb" facs="mac.2.4.0962">will</w>
<w id="fs-mac-0137840" n="2.4.42" lemma="will" ana="#vmb" facs="mac.2.4.0964">will</w>
<w id="fs-mac-0138520" n="2.4.49" lemma="will" ana="#vmb" facs="mac.2.4.0971">Will</w>
<w id="fs-mac-0138790" n="2.4.51" lemma="will" ana="#vmb" facs="mac.2.4.0973">will</w>
<w id="fs-mac-0139480" n="2.4.56" lemma="will" ana="#vmd" facs="mac.2.4.0978">would</w>
<w id="fs-mac-0143890" n="3.1.27" lemma="will" ana="#vmb" facs="mac.3.1.1010">will</w>
<w id="fs-mac-0144630" n="3.1.32" lemma="will" ana="#vmb" facs="mac.3.1.1015">will</w>
<w id="fs-mac-0146780" n="3.1.46" lemma="will" ana="#vmb" facs="mac.3.1.1031">will</w>
<w id="fs-mac-0148240" n="3.1.55" lemma="will" ana="#vmd" facs="mac.3.1.1041">would</w>
<w id="fs-mac-0157550" n="3.1.116" lemma="will" ana="#vmb" facs="mac.3.1.1104">will</w>
<w id="fs-mac-0159130" n="3.1.127" lemma="will" ana="#vmd" facs="mac.3.1.1115">would</w>
<w id="fs-mac-0160380" n="3.1.136" lemma="will" ana="#n1" facs="mac.3.1.1123">will</w>
<w id="fs-mac-0161990" n="3.1.148" lemma="will" ana="#vmb" facs="mac.3.1.1135">will</w>
<w id="fs-mac-0164990" n="3.2.3" lemma="will" ana="#vmd" facs="mac.3.2.1154">would</w>
<w id="fs-mac-0165200" n="3.2.5" lemma="will" ana="#vmb" facs="mac.3.2.1156">will</w>
<w id="fs-mac-0167420" n="3.2.20" lemma="will" ana="#vmb" facs="mac.3.2.1172">will</w>
<w id="fs-mac-0177140" n="3.3.23" lemma="will" ana="#vmb" facs="mac.3.3.1241">will</w>
<w id="fs-mac-0179500" n="3.4.4" lemma="will" ana="#vmb" facs="mac.3.4.1259">will</w>
<w id="fs-mac-0179870" n="3.4.7" lemma="will" ana="#vmb" facs="mac.3.4.1262">will</w>
<w id="fs-mac-0184200" n="3.4.33" lemma="will" ana="#vmb" facs="mac.3.4.1290">will</w>
<w id="fs-mac-0188930" n="3.4.67" lemma="will" ana="#vmb" facs="mac.3.4.1324">will</w>
<w id="fs-mac-0190530" n="3.4.77" lemma="will" ana="#vmd" facs="mac.3.4.1333">would</w>
<w id="fs-mac-0193440" n="3.4.95" lemma="will" ana="#vmd" facs="mac.3.4.1351">would</w>
<w id="fs-mac-0195600" n="3.4.110" lemma="will" ana="#vmd" facs="mac.3.4.1366">Would</w>
<w id="fs-mac-0201490" n="3.4.151" lemma="will" ana="#vmb" facs="mac.3.4.1403">will</w>
<w id="fs-mac-0201630" n="3.4.151" lemma="will" ana="#vmb" facs="mac.3.4.1404">will</w>
<w id="fs-mac-0203110" n="3.4.162" lemma="will" ana="#vmb" facs="mac.3.4.1413">will</w>
<w id="fs-mac-0203470" n="3.4.164" lemma="will" ana="#vmb" facs="mac.3.4.1415">will</w>
<w id="fs-mac-0203570" n="3.4.165" lemma="will" ana="#vmb" facs="mac.3.4.1416">will</w>
<w id="fs-mac-0204790" n="3.4.171" lemma="will" ana="#vmb" facs="mac.3.4.1422">will</w>
<w id="fs-mac-0208260" n="3.5.17" lemma="will" ana="#vmb" facs="mac.3.5.1447">Will</w>
<w id="fs-mac-0230580" n="4.1.86" lemma="will" ana="#vmb" facs="mac.4.1.1614">will</w>
<w id="fs-mac-0234110" n="4.1.108" lemma="will" ana="#vmb" facs="mac.4.1.1638">will</w>
<w id="fs-mac-0235700" n="4.1.119" lemma="will" ana="#vmb" facs="mac.4.1.1649">will</w>
<w id="fs-mac-0238050" n="4.1.132" lemma="will" ana="#vmb" facs="mac.4.1.1664">will</w>
<w id="fs-mac-0241210" n="4.1.152" lemma="will" ana="#n1" facs="mac.4.1.1685">will</w>
<w id="fs-mac-0243770" n="4.1.171" lemma="will" ana="#vmb" facs="mac.4.1.1703">will</w>
<w id="fs-mac-0246930" n="4.2.12" lemma="will" ana="#vmb" facs="mac.4.2.1723">will</w>
<w id="fs-mac-0249440" n="4.2.28" lemma="will" ana="#vmb" facs="mac.4.2.1738">will</w>
<w id="fs-mac-0250190" n="4.2.33" lemma="will" ana="#vmd" facs="mac.4.2.1744">would</w>
<w id="fs-mac-0250650" n="4.2.36" lemma="will" ana="#vmb" facs="mac.4.2.1747">will</w>
<w id="fs-mac-0250760" n="4.2.36" lemma="will" ana="#vmb" facs="mac.4.2.1747">will</w>
<w id="fs-mac-0251390" n="4.2.40" lemma="will" ana="#vmd2" facs="mac.4.2.1752">’dst</w>
<w id="fs-mac-0252210" n="4.2.45" lemma="will" ana="#vm2" facs="mac.4.2.1758">wilt</w>
<w id="fs-mac-0252390" n="4.2.46" lemma="will" ana="#vmb" facs="mac.4.2.1759">will</w>
<w id="fs-mac-0255300" n="4.2.66" lemma="will" ana="#vm2" facs="mac.4.2.1779">wilt</w>
<w id="fs-mac-0255650" n="4.2.67" lemma="will" ana="#vmd" facs="mac.4.2.1781">would</w>
<w id="fs-mac-0256750" n="4.2.74" lemma="will" ana="#vmb" facs="mac.4.2.1788">will</w>
<w id="fs-mac-0262020" n="4.3.12" lemma="will" ana="#vmb" facs="mac.4.3.1825">will</w>
<w id="fs-mac-0264180" n="4.3.28" lemma="will" ana="#vmd" facs="mac.4.3.1839">would</w>
<w id="fs-mac-0266240" n="4.3.44" lemma="will" ana="#vmd" facs="mac.4.3.1854">would</w>
<w id="fs-mac-0267490" n="4.3.52" lemma="will" ana="#vmd" facs="mac.4.3.1862">would</w>
<w id="fs-mac-0269300" n="4.3.64" lemma="will" ana="#vmb" facs="mac.4.3.1874">Will</w>
<w id="fs-mac-0271160" n="4.3.77" lemma="will" ana="#vmd" facs="mac.4.3.1887">would</w>
<w id="fs-mac-0271270" n="4.3.78" lemma="will" ana="#n1" facs="mac.4.3.1888">will</w>
<w id="fs-mac-0272510" n="4.3.87" lemma="will" ana="#j_vg" facs="mac.4.3.1897">willing</w>
<w id="fs-mac-0272800" n="4.3.89" lemma="will" ana="#vmb" facs="mac.4.3.1899">will</w>
<w id="fs-mac-0273710" n="4.3.96" lemma="will" ana="#vmd" facs="mac.4.3.1906">would</w>
<w id="fs-mac-0274870" n="4.3.104" lemma="will" ana="#n1" facs="mac.4.3.1914">will</w>
<w id="fs-mac-0280830" n="4.3.147" lemma="will" ana="#vmd" facs="mac.4.3.1956">would</w>
<w id="fs-mac-0290670" n="4.3.216" lemma="will" ana="#vmd" facs="mac.4.3.2027">Would</w>
<w id="fs-mac-0291510" n="4.3.223" lemma="will" ana="#vmd" facs="mac.4.3.2034">Would</w>
<w id="fs-mac-0291780" n="4.3.225" lemma="will" ana="#vmd" facs="mac.4.3.2036">would</w>
<w id="fs-mac-0296900" n="4.3.264" lemma="will" ana="#vmd" facs="mac.4.3.2074">would</w>
<w id="fs-mac-0302580" n="5.1.15" lemma="will" ana="#vmb" facs="mac.5.1.2108">will</w>
<w id="fs-mac-0305380" n="5.1.34" lemma="will" ana="#vmb" facs="mac.5.1.2125">will</w>
<w id="fs-mac-0306650" n="5.1.41" lemma="will" ana="#vmd" facs="mac.5.1.2131">would</w>
<w id="fs-mac-0307300" n="5.1.45" lemma="will" ana="#vmb" facs="mac.5.1.2135">will</w>
<w id="fs-mac-0308640" n="5.1.54" lemma="will" ana="#vmb" facs="mac.5.1.2143">will</w>
<w id="fs-mac-0309080" n="5.1.58" lemma="will" ana="#vmd" facs="mac.5.1.2146">would</w>
<w id="fs-mac-0311440" n="5.1.73" lemma="will" ana="#vmb" facs="mac.5.1.2161">Will</w>
<w id="fs-mac-0311920" n="5.1.77" lemma="will" ana="#vmb" facs="mac.5.1.2165">will</w>
<w id="fs-mac-0313920" n="5.2.4" lemma="will" ana="#vmd" facs="mac.5.2.2179">Would</w>
<w id="fs-mac-0322070" n="5.3.25" lemma="will" ana="#vmb" facs="mac.5.3.2238">Will</w>
<w id="fs-mac-0323330" n="5.3.32" lemma="will" ana="#vmd" facs="mac.5.3.2245">would</w>
<w id="fs-mac-0327530" n="5.3.65" lemma="will" ana="#vmd" facs="mac.5.3.2276">would</w>
<w id="fs-mac-0328010" n="5.3.68" lemma="will" ana="#vmd" facs="mac.5.3.2279">Would</w>
<w id="fs-mac-0328550" n="5.3.73" lemma="will" ana="#vmb" facs="mac.5.3.2283">will</w>
<w id="fs-mac-0329810" n="5.4.2" lemma="will" ana="#vmb" facs="mac.5.4.2292">will</w>
<w id="fs-mac-0331120" n="5.4.12" lemma="will" ana="#vmb" facs="mac.5.4.2302">will</w>
<w id="fs-mac-0332300" n="5.4.23" lemma="will" ana="#vmb" facs="mac.5.4.2313">will</w>
<w id="fs-mac-0333620" n="5.5.3" lemma="will" ana="#vmb" facs="mac.5.5.2323">Will</w>
<w id="fs-mac-0335170" n="5.5.12" lemma="will" ana="#vmd" facs="mac.5.5.2331">would</w>
<w id="fs-mac-0335400" n="5.5.14" lemma="will" ana="#vmd" facs="mac.5.5.2333">Would</w>
<w id="fs-mac-0336390" n="5.5.21" lemma="will" ana="#vmd" facs="mac.5.5.2339">would</w>
<w id="fs-mac-0345350" n="5.7.6" lemma="will" ana="#vm2" facs="mac.5.7.2402">’lt</w>
<w id="fs-mac-0347740" n="5.7.21" lemma="will" ana="#vmb" facs="mac.5.7.2418">will</w>
<w id="fs-mac-0354790" n="5.8.32" lemma="will" ana="#vmb" facs="mac.5.8.2468">will</w>
<w id="fs-mac-0355490" n="5.8.37" lemma="will" ana="#vmb" facs="mac.5.8.2473">will</w>
<w id="fs-mac-0356730" n="5.8.40" lemma="will" ana="#vmd" facs="mac.5.8.2480">would</w>
<w id="fs-mac-0359360" n="5.8.57" lemma="will" ana="#vmd" facs="mac.5.8.2497">would</w>
<w id="fs-mac-0362340" n="5.8.78" lemma="will" ana="#vmd" facs="mac.5.8.2518">would</w>
<w id="fs-mac-0363600" n="5.8.86" lemma="will" ana="#vmb" facs="mac.5.8.2526">will</w>
</root>