﻿<root>
<w id="fs-mac-0002270" n="1.2.1" lemma="can" ana="#vmb" facs="mac.1.2.0018">can</w>
<w id="fs-mac-0008080" n="1.2.45" lemma="can" ana="#vmb-x" facs="mac.1.2.0062">cannot</w>
<w id="fs-mac-0015620" n="1.3.25" lemma="can" ana="#vmb-x" facs="mac.1.3.0122">cannot</w>
<w id="fs-mac-0019190" n="1.3.50" lemma="can" ana="#vmb" facs="mac.1.3.0147">can</w>
<w id="fs-mac-0021210" n="1.3.61" lemma="can" ana="#vmb" facs="mac.1.3.0158">can</w>
<w id="fs-mac-0029050" n="1.3.113" lemma="can" ana="#vmb" facs="mac.1.3.0213">can</w>
<w id="fs-mac-0033130" n="1.3.144" lemma="can" ana="#vmb-x" facs="mac.1.3.0242">Cannot</w>
<w id="fs-mac-0033200" n="1.3.144" lemma="can" ana="#vmb-x" facs="mac.1.3.0242">cannot</w>
<w id="fs-mac-0041360" n="1.4.24" lemma="can" ana="#vmb" facs="mac.1.4.0304">can</w>
<w id="fs-mac-0067070" n="1.7.3" lemma="can" ana="#vmd" facs="mac.1.7.0477">Could</w>
<w id="fs-mac-0078550" n="1.7.79" lemma="can" ana="#vmb-x" facs="mac.1.7.0550">cannot</w>
<w id="fs-mac-0084980" n="2.1.29" lemma="can" ana="#vmb" facs="mac.2.1.0599">can</w>
<w id="fs-mac-0094820" n="2.2.16" lemma="can" ana="#vmd" facs="mac.2.2.0662">could</w>
<w id="fs-mac-0097830" n="2.2.39" lemma="can" ana="#vmd" facs="mac.2.2.0684">could</w>
<w id="fs-mac-0098220" n="2.2.42" lemma="can" ana="#vmd" facs="mac.2.2.0687">could</w>
<w id="fs-mac-0106180" n="2.2.95" lemma="can" ana="#vmd2" facs="mac.2.2.0740">couldst</w>
<w id="fs-mac-0107920" n="2.3.9" lemma="can" ana="#vmd" facs="mac.2.3.0751">could</w>
<w id="fs-mac-0108250" n="2.3.11" lemma="can" ana="#vmd" facs="mac.2.3.0753">could</w>
<w id="fs-mac-0117580" n="2.3.71" lemma="can" ana="#vmb-x" facs="mac.2.3.0813">cannot</w>
<w id="fs-mac-0117900" n="2.3.74" lemma="can" ana="#vmb-x" facs="mac.2.3.0817">cannot</w>
<w id="fs-mac-0121220" n="2.3.97" lemma="can" ana="#vmb" facs="mac.2.3.0841">can</w>
<w id="fs-mac-0125500" n="2.3.127" lemma="can" ana="#vmb" facs="mac.2.3.0873">can</w>
<w id="fs-mac-0126920" n="2.3.135" lemma="can" ana="#vmd" facs="mac.2.3.0881">could</w>
<w id="fs-mac-0132800" n="2.4.1" lemma="can" ana="#vmb" facs="mac.2.4.0925">can</w>
<w id="fs-mac-0136910" n="2.4.34" lemma="can" ana="#vmd" facs="mac.2.4.0956">could</w>
<w id="fs-mac-0154860" n="3.1.98" lemma="can" ana="#vmb" facs="mac.3.1.1086">can</w>
<w id="fs-mac-0160160" n="3.1.134" lemma="can" ana="#vmd" facs="mac.3.1.1121">could</w>
<w id="fs-mac-0168900" n="3.2.29" lemma="can" ana="#vmb" facs="mac.3.2.1182">Can</w>
<w id="fs-mac-0187920" n="3.4.61" lemma="can" ana="#vm2" facs="mac.3.4.1318">canst</w>
<w id="fs-mac-0191600" n="3.4.84" lemma="can" ana="#vm2" facs="mac.3.4.1340">canst</w>
<w id="fs-mac-0199270" n="3.4.135" lemma="can" ana="#vmb" facs="mac.3.4.1388">Can</w>
<w id="fs-mac-0199880" n="3.4.139" lemma="can" ana="#vmb" facs="mac.3.4.1392">can</w>
<w id="fs-mac-0211690" n="3.6.2" lemma="can" ana="#vmb" facs="mac.3.6.1474">can</w>
<w id="fs-mac-0212730" n="3.6.9" lemma="can" ana="#vmb-x" facs="mac.3.6.1480">cannot</w>
<w id="fs-mac-0215430" n="3.6.26" lemma="can" ana="#vmb" facs="mac.3.6.1495">can</w>
<w id="fs-mac-0218990" n="3.6.51" lemma="can" ana="#vmb" facs="mac.3.6.1520">can</w>
<w id="fs-mac-0234190" n="4.1.109" lemma="can" ana="#vmb" facs="mac.4.1.1639">can</w>
<w id="fs-mac-0235320" n="4.1.116" lemma="can" ana="#vmb" facs="mac.4.1.1646">Can</w>
<w id="fs-mac-0252590" n="4.2.47" lemma="can" ana="#vmb" facs="mac.4.2.1760">can</w>
<w id="fs-mac-0261790" n="4.3.11" lemma="can" ana="#vmb" facs="mac.4.3.1824">can</w>
<w id="fs-mac-0263890" n="4.3.26" lemma="can" ana="#vmb-x" facs="mac.4.3.1837">cannot</w>
<w id="fs-mac-0269860" n="4.3.68" lemma="can" ana="#vmb" facs="mac.4.3.1878">can</w>
<w id="fs-mac-0270870" n="4.3.75" lemma="can" ana="#vmd" facs="mac.4.3.1885">could</w>
<w id="fs-mac-0272600" n="4.3.87" lemma="can" ana="#vmb-x" facs="mac.4.3.1897">cannot</w>
<w id="fs-mac-0286870" n="4.3.190" lemma="can" ana="#vmb-x" facs="mac.4.3.2001">cannot</w>
<w id="fs-mac-0291550" n="4.3.223" lemma="can" ana="#vmd" facs="mac.4.3.2034">could</w>
<w id="fs-mac-0294940" n="4.3.249" lemma="can" ana="#vmd" facs="mac.4.3.2059">could</w>
<w id="fs-mac-0296570" n="4.3.262" lemma="can" ana="#vmb-x" facs="mac.4.3.2072">cannot</w>
<w id="fs-mac-0298070" n="4.3.270" lemma="can" ana="#vmd" facs="mac.4.3.2080">could</w>
<w id="fs-mac-0300370" n="5.1.1" lemma="can" ana="#vmb" facs="mac.5.1.2095">can</w>
<w id="fs-mac-0306490" n="5.1.40" lemma="can" ana="#vmb" facs="mac.5.1.2130">can</w>
<w id="fs-mac-0310530" n="5.1.67" lemma="can" ana="#vmb-x" facs="mac.5.1.2155">cannot</w>
<w id="fs-mac-0311170" n="5.1.71" lemma="can" ana="#vmb-x" facs="mac.5.1.2159">cannot</w>
<w id="fs-mac-0315770" n="5.2.17" lemma="can" ana="#vmb-x" facs="mac.5.2.2192">cannot</w>
<w id="fs-mac-0318940" n="5.3.3" lemma="can" ana="#vmb-x" facs="mac.5.3.2217">cannot</w>
<w id="fs-mac-0325280" n="5.3.50" lemma="can" ana="#vm2" facs="mac.5.3.2262">Canst</w>
<w id="fs-mac-0327090" n="5.3.62" lemma="can" ana="#vmd2" facs="mac.5.3.2273">couldst</w>
<w id="fs-mac-0335910" n="5.5.17" lemma="can" ana="#vmb-x" facs="mac.5.5.2336">Cannot</w>
<w id="fs-mac-0343890" n="5.6.9" lemma="can" ana="#vmb-x" facs="mac.5.6.2390">cannot</w>
<w id="fs-mac-0344600" n="5.7.1" lemma="can" ana="#vmb-x" facs="mac.5.7.2396">cannot</w>
<w id="fs-mac-0345920" n="5.7.10" lemma="can" ana="#vmd" facs="mac.5.7.2406">could</w>
<w id="fs-mac-0347840" n="5.7.22" lemma="can" ana="#vmb-x" facs="mac.5.7.2419">cannot</w>
<w id="fs-mac-0351610" n="5.8.10" lemma="can" ana="#vmb" facs="mac.5.8.2446">can</w>
</root>