﻿<root>
<w id="fs-oth-0004740" n="1.1.31" lemma="must" ana="#vmb">must</w>
<w id="fs-oth-0005050" n="1.1.34" lemma="must" ana="#vmb">must</w>
<w id="fs-oth-0016890" n="1.1.114" lemma="must" ana="#vmb">must</w>
<w id="fs-oth-0024290" n="1.1.161" lemma="must" ana="#vmb">must</w>
<w id="fs-oth-0026230" n="1.1.173" lemma="must" ana="#vmb">must</w>
<w id="fs-oth-0036830" n="1.2.35" lemma="must" ana="#vmb">must</w>
<w id="fs-oth-0054170" n="1.3.33" lemma="must" ana="#vmb">must</w>
<w id="fs-oth-0057640" n="1.3.56" lemma="must" ana="#vmb">must</w>
<w id="fs-oth-0066640" n="1.3.119" lemma="must" ana="#vmb">must</w>
<w id="fs-oth-0085320" n="1.3.246" lemma="must" ana="#vmb">must</w>
<w id="fs-oth-0087230" n="1.3.259" lemma="must" ana="#vmb">must</w>
<w id="fs-oth-0094760" n="1.3.312" lemma="must" ana="#vmb">must</w>
<w id="fs-oth-0094870" n="1.3.313" lemma="must" ana="#vmb">must</w>
<w id="fs-oth-0097950" n="1.3.337" lemma="must" ana="#vmb">must</w>
<w id="fs-oth-0098790" n="1.3.342" lemma="must" ana="#vmb">must</w>
<w id="fs-oth-0107790" n="1.3.393" lemma="must" ana="#vmb">must</w>
<w id="fs-oth-0116710" n="1.3.447" lemma="must" ana="#vmb">Must</w>
<w id="fs-oth-0154620" n="2.1.239" lemma="must" ana="#vmb">must</w>
<w id="fs-oth-0155910" n="2.1.246" lemma="must" ana="#vmb">must</w>
<w id="fs-oth-0166230" n="2.1.306" lemma="must" ana="#vmb">must</w>
<w id="fs-oth-0175230" n="2.3.14" lemma="must" ana="#vmb">must</w>
<w id="fs-oth-0188390" n="2.3.107" lemma="must" ana="#vmb">must</w>
<w id="fs-oth-0188530" n="2.3.108" lemma="must" ana="#vmb">must</w>
<w id="fs-oth-0191020" n="2.3.122" lemma="must" ana="#vmb">must</w>
<w id="fs-oth-0227830" n="2.3.354" lemma="must" ana="#vmb">must</w>
<w id="fs-oth-0236140" n="2.3.405" lemma="must" ana="#vmb">must</w>
<w id="fs-oth-0259170" n="3.3.73" lemma="must" ana="#vmb">must</w>
<w id="fs-oth-0294450" n="3.3.309" lemma="must" ana="#vmb">Must</w>
<w id="fs-oth-0348670" n="3.4.125" lemma="must" ana="#vmb">must</w>
<w id="fs-oth-0350550" n="3.4.137" lemma="must" ana="#vmb">must</w>
<w id="fs-oth-0352170" n="3.4.148" lemma="must" ana="#vmb">must</w>
<w id="fs-oth-0355410" n="3.4.169" lemma="must" ana="#vmb">must</w>
<w id="fs-oth-0364730" n="3.4.231" lemma="must" ana="#vmb">must</w>
<w id="fs-oth-0369550" n="4.1.35" lemma="must" ana="#vmb">must</w>
<w id="fs-oth-0373710" n="4.1.67" lemma="must" ana="#vmb">must</w>
<w id="fs-oth-0382280" n="4.1.120" lemma="must" ana="#vmb">must</w>
<w id="fs-oth-0388990" n="4.1.164" lemma="must" ana="#vmb">must</w>
<w id="fs-oth-0390220" n="4.1.171" lemma="must" ana="#vmb">must</w>
<w id="fs-oth-0390870" n="4.1.174" lemma="must" ana="#vmb">must</w>
<w id="fs-oth-0392280" n="4.1.183" lemma="must" ana="#vmb">must</w>
<w id="fs-oth-0394780" n="4.1.201" lemma="must" ana="#vmb">must</w>
<w id="fs-oth-0422720" n="4.2.68" lemma="must" ana="#vmb">must</w>
<w id="fs-oth-0458080" n="4.3.18" lemma="must" ana="#vmb">must</w>
<w id="fs-oth-0463680" n="4.3.55" lemma="must" ana="#vmb">must</w>
<w id="fs-oth-0477410" n="5.1.19" lemma="must" ana="#vmb">must</w>
<w id="fs-oth-0478160" n="5.1.23" lemma="must" ana="#vmb">must</w>
<w id="fs-oth-0491180" n="5.1.110" lemma="must" ana="#vmb">must</w>
<w id="fs-oth-0497440" n="5.1.147" lemma="must" ana="#vmb">must</w>
<w id="fs-oth-0499540" n="5.2.6" lemma="must" ana="#vmb">must</w>
<w id="fs-oth-0501060" n="5.2.16" lemma="must" ana="#vmb">must</w>
<w id="fs-oth-0502280" n="5.2.22" lemma="must" ana="#vmb">must</w>
<w id="fs-oth-0521120" n="5.2.158" lemma="must" ana="#vmb">must</w>
<w id="fs-oth-0528460" n="5.2.206" lemma="must" ana="#vmb">must</w>
<w id="fs-oth-0544130" n="5.2.304" lemma="must" ana="#vmb">must</w>
<w id="fs-oth-0544540" n="5.2.306" lemma="must" ana="#vmb">must</w>
<w id="fs-oth-0557540" n="5.2.389" lemma="must" ana="#vmb">must</w>
<w id="fs-oth-0559930" n="5.2.403" lemma="must" ana="#vmb">must</w>
</root>