﻿<root>
<w id="fs-oth-0005430" n="1.1.36" lemma="will" ana="#vmd">would</w>
<w id="fs-oth-0006500" n="1.1.43" lemma="will" ana="#vmd">would</w>
<w id="fs-oth-0009380" n="1.1.63" lemma="will" ana="#vmd">would</w>
<w id="fs-oth-0010420" n="1.1.70" lemma="will" ana="#vmb">will</w>
<w id="fs-oth-0015070" n="1.1.100" lemma="will" ana="#vmb">will</w>
<w id="fs-oth-0018090" n="1.1.122" lemma="will" ana="#vmb">will</w>
<w id="fs-oth-0020010" n="1.1.135" lemma="will" ana="#vmb">will</w>
<w id="fs-oth-0022100" n="1.1.147" lemma="will" ana="#vmd">would</w>
<w id="fs-oth-0026810" n="1.1.177" lemma="will" ana="#vmb">will</w>
<w id="fs-oth-0028010" n="1.1.182" lemma="will" ana="#vmd">would</w>
<w id="fs-oth-0030090" n="1.1.198" lemma="will" ana="#vmd">would</w>
<w id="fs-oth-0031530" n="1.1.206" lemma="will" ana="#vmb">will</w>
<w id="fs-oth-0034110" n="1.2.16" lemma="will" ana="#vmb">will</w>
<w id="fs-oth-0034520" n="1.2.19" lemma="will" ana="#vmb">Will</w>
<w id="fs-oth-0036070" n="1.2.29" lemma="will" ana="#vmd">would</w>
<w id="fs-oth-0039940" n="1.2.57" lemma="will" ana="#vmb">will</w>
<w id="fs-oth-0041050" n="1.2.66" lemma="will" ana="#vmb">will</w>
<w id="fs-oth-0042530" n="1.2.76" lemma="will" ana="#vmb">will</w>
<w id="fs-oth-0044020" n="1.2.88" lemma="will" ana="#vmd">Would</w>
<w id="fs-oth-0046650" n="1.2.104" lemma="will" ana="#vmb">will</w>
<w id="fs-oth-0064740" n="1.3.106" lemma="will" ana="#vmb">will</w>
<w id="fs-oth-0066400" n="1.3.118" lemma="will" ana="#vmb">will</w>
<w id="fs-oth-0073530" n="1.3.170" lemma="will" ana="#vmd">Would</w>
<w id="fs-oth-0073710" n="1.3.171" lemma="will" ana="#vmd">would</w>
<w id="fs-oth-0074650" n="1.3.177" lemma="will" ana="#vmd">would</w>
<w id="fs-oth-0076890" n="1.3.192" lemma="will" ana="#vmd">would</w>
<w id="fs-oth-0077940" n="1.3.197" lemma="will" ana="#vmd">would</w>
<w id="fs-oth-0081880" n="1.3.225" lemma="will" ana="#vmd">would</w>
<w id="fs-oth-0082320" n="1.3.227" lemma="will" ana="#vmd">would</w>
<w id="fs-oth-0089150" n="1.3.274" lemma="will" ana="#vmb">will</w>
<w id="fs-oth-0089330" n="1.3.276" lemma="will" ana="#vmd">would</w>
<w id="fs-oth-0090110" n="1.3.282" lemma="will" ana="#vmd">would</w>
<w id="fs-oth-0093280" n="1.3.302" lemma="will" ana="#vmb">will</w>
<w id="fs-oth-0099130" n="1.3.345" lemma="will" ana="#vmb">will</w>
<w id="fs-oth-0099410" n="1.3.347" lemma="will" ana="#vmb">will</w>
<w id="fs-oth-0101000" n="1.3.356" lemma="will" ana="#vmd">would</w>
<w id="fs-oth-0101050" n="1.3.357" lemma="will" ana="#vmd">would</w>
<w id="fs-oth-0101270" n="1.3.358" lemma="will" ana="#vmd">would</w>
<w id="fs-oth-0102360" n="1.3.363" lemma="will" ana="#n2">wills</w>
<w id="fs-oth-0102510" n="1.3.363" lemma="will" ana="#vmb">will</w>
<w id="fs-oth-0103420" n="1.3.368" lemma="will" ana="#n2">wills</w>
<w id="fs-oth-0103910" n="1.3.371" lemma="will" ana="#vmd">would</w>
<w id="fs-oth-0104970" n="1.3.378" lemma="will" ana="#n1">will</w>
<w id="fs-oth-0107250" n="1.3.390" lemma="will" ana="#n2">wills</w>
<w id="fs-oth-0108030" n="1.3.394" lemma="will" ana="#vmb">will</w>
<w id="fs-oth-0108350" n="1.3.395" lemma="will" ana="#vm2">wilt</w>
<w id="fs-oth-0109990" n="1.3.405" lemma="will" ana="#vm2">Wilt</w>
<w id="fs-oth-0111610" n="1.3.413" lemma="will" ana="#vmb">will</w>
<w id="fs-oth-0111820" n="1.3.414" lemma="will" ana="#vmb">will</w>
<w id="fs-oth-0113500" n="1.3.428" lemma="will" ana="#vmd">would</w>
<w id="fs-oth-0114410" n="1.3.433" lemma="will" ana="#vmb">Will</w>
<w id="fs-oth-0115130" n="1.3.436" lemma="will" ana="#n1">will</w>
<w id="fs-oth-0116310" n="1.3.444" lemma="will" ana="#vmb">will</w>
<w id="fs-oth-0132090" n="2.1.100" lemma="will" ana="#vmb">will</w>
<w id="fs-oth-0133980" n="2.1.112" lemma="will" ana="#vmd">would</w>
<w id="fs-oth-0134350" n="2.1.114" lemma="will" ana="#vmd">would</w>
<w id="fs-oth-0136940" n="2.1.131" lemma="will" ana="#vmd2">wouldst</w>
<w id="fs-oth-0138130" n="2.1.139" lemma="will" ana="#vmd2">wouldst</w>
<w id="fs-oth-0142120" n="2.1.164" lemma="will" ana="#n1">will</w>
<w id="fs-oth-0145490" n="2.1.183" lemma="will" ana="#vmb">will</w>
<w id="fs-oth-0145820" n="2.1.184" lemma="will" ana="#vmb">will</w>
<w id="fs-oth-0147190" n="2.1.191" lemma="will" ana="#vmd">Would</w>
<w id="fs-oth-0155580" n="2.1.245" lemma="will" ana="#vmb">will</w>
<w id="fs-oth-0157260" n="2.1.253" lemma="will" ana="#vmb">will</w>
<w id="fs-oth-0157590" n="2.1.255" lemma="will" ana="#vmb">will</w>
<w id="fs-oth-0160880" n="2.1.274" lemma="will" ana="#vmd">would</w>
<w id="fs-oth-0164560" n="2.1.296" lemma="will" ana="#vmb">will</w>
<w id="fs-oth-0165750" n="2.1.303" lemma="will" ana="#vmb">will</w>
<w id="fs-oth-0174010" n="2.3.6" lemma="will" ana="#vmb">Will</w>
<w id="fs-oth-0177930" n="2.3.32" lemma="will" ana="#vmd">would</w>
<w id="fs-oth-0178520" n="2.3.36" lemma="will" ana="#vmd">would</w>
<w id="fs-oth-0187800" n="2.3.104" lemma="will" ana="#vmb">Will</w>
<w id="fs-oth-0192700" n="2.3.132" lemma="will" ana="#vmb">Will</w>
<w id="fs-oth-0195340" n="2.3.150" lemma="will" ana="#vmd">would</w>
<w id="fs-oth-0197580" n="2.3.166" lemma="will" ana="#n1">will</w>
<w id="fs-oth-0198240" n="2.3.170" lemma="will" ana="#vmb">will</w>
<w id="fs-oth-0198310" n="2.3.170" lemma="will" ana="#n1">will</w>
<w id="fs-oth-0198410" n="2.3.171" lemma="will" ana="#vmb">will</w>
<w id="fs-oth-0202550" n="2.3.198" lemma="will" ana="#vmd">would</w>
<w id="fs-oth-0213930" n="2.3.272" lemma="will" ana="#vmb">will</w>
<w id="fs-oth-0217490" n="2.3.293" lemma="will" ana="#vmd">would</w>
<w id="fs-oth-0217850" n="2.3.296" lemma="will" ana="#vmb">will</w>
<w id="fs-oth-0222070" n="2.3.322" lemma="will" ana="#vmb">will</w>
<w id="fs-oth-0222580" n="2.3.324" lemma="will" ana="#vmd">would</w>
<w id="fs-oth-0227230" n="2.3.350" lemma="will" ana="#vmb">will</w>
<w id="fs-oth-0230550" n="2.3.371" lemma="will" ana="#vmb">will</w>
<w id="fs-oth-0231990" n="2.3.380" lemma="will" ana="#vmb">will</w>
<w id="fs-oth-0233280" n="2.3.387" lemma="will" ana="#vmb">will</w>
<w id="fs-oth-0235100" n="2.3.398" lemma="will" ana="#vmb">will</w>
<w id="fs-oth-0237270" n="3.1.1" lemma="will" ana="#vmb">will</w>
<w id="fs-oth-0239470" n="3.1.15" lemma="will" ana="#vmb">will</w>
<w id="fs-oth-0241710" n="3.1.28" lemma="will" ana="#vm2">Wilt</w>
<w id="fs-oth-0241940" n="3.1.29" lemma="will" ana="#vmb">will</w>
<w id="fs-oth-0243130" n="3.1.37" lemma="will" ana="#vmb">will</w>
<w id="fs-oth-0244500" n="3.1.47" lemma="will" ana="#vmb">will</w>
<w id="fs-oth-0246520" n="3.1.62" lemma="will" ana="#vmb">will</w>
<w id="fs-oth-0247600" n="3.2.3" lemma="will" ana="#vmb">will</w>
<w id="fs-oth-0248590" n="3.3.1" lemma="will" ana="#vmb">will</w>
<w id="fs-oth-0249320" n="3.3.6" lemma="will" ana="#vmb">will</w>
<w id="fs-oth-0251300" n="3.3.20" lemma="will" ana="#vmb">will</w>
<w id="fs-oth-0254780" n="3.3.42" lemma="will" ana="#vmd">would</w>
<w id="fs-oth-0259790" n="3.3.77" lemma="will" ana="#vmd">would</w>
<w id="fs-oth-0261080" n="3.3.83" lemma="will" ana="#vmb">will</w>
<w id="fs-oth-0261120" n="3.3.84" lemma="will" ana="#vmb">will</w>
<w id="fs-oth-0262560" n="3.3.93" lemma="will" ana="#vmb">will</w>
<w id="fs-oth-0270280" n="3.3.148" lemma="will" ana="#vmd">would</w>
<w id="fs-oth-0273930" n="3.3.176" lemma="will" ana="#vmd">Would</w>
<w id="fs-oth-0280310" n="3.3.218" lemma="will" ana="#vmb">will</w>
<w id="fs-oth-0282470" n="3.3.230" lemma="will" ana="#vmd">would</w>
<w id="fs-oth-0285720" n="3.3.253" lemma="will" ana="#vmb">will</w>
<w id="fs-oth-0286430" n="3.3.258" lemma="will" ana="#vmb">will</w>
<w id="fs-oth-0288550" n="3.3.272" lemma="will" ana="#n1">will</w>
<w id="fs-oth-0289030" n="3.3.276" lemma="will" ana="#n1">will</w>
<w id="fs-oth-0290530" n="3.3.285" lemma="will" ana="#vmd">would</w>
<w id="fs-oth-0291830" n="3.3.293" lemma="will" ana="#vmb">will</w>
<w id="fs-oth-0297670" n="3.3.329" lemma="will" ana="#vmb">will</w>
<w id="fs-oth-0299830" n="3.3.341" lemma="will" ana="#vmb">will</w>
<w id="fs-oth-0301060" n="3.3.349" lemma="will" ana="#vmb">will</w>
<w id="fs-oth-0302440" n="3.3.360" lemma="will" ana="#vmb">will</w>
<w id="fs-oth-0303770" n="3.3.369" lemma="will" ana="#vmb">will</w>
<w id="fs-oth-0315780" n="3.3.445" lemma="will" ana="#vmd">Would</w>
<w id="fs-oth-0316250" n="3.3.448" lemma="will" ana="#vmd">would</w>
<w id="fs-oth-0316320" n="3.3.449" lemma="will" ana="#vmd">Would</w>
<w id="fs-oth-0316420" n="3.3.449" lemma="will" ana="#vmb">will</w>
<w id="fs-oth-0316640" n="3.3.451" lemma="will" ana="#vmd">Would</w>
<w id="fs-oth-0318720" n="3.3.465" lemma="will" ana="#vmb">Will</w>
<w id="fs-oth-0319550" n="3.3.470" lemma="will" ana="#vmb">will</w>
<w id="fs-oth-0320210" n="3.3.473" lemma="will" ana="#vmb">will</w>
<w id="fs-oth-0320840" n="3.3.477" lemma="will" ana="#vmd">would</w>
<w id="fs-oth-0329310" n="3.3.536" lemma="will" ana="#vmb">will</w>
<w id="fs-oth-0330360" n="3.3.543" lemma="will" ana="#vmb">will</w>
<w id="fs-oth-0333070" n="3.4.16" lemma="will" ana="#vmb">will</w>
<w id="fs-oth-0333760" n="3.4.19" lemma="will" ana="#vmb">will</w>
<w id="fs-oth-0334080" n="3.4.22" lemma="will" ana="#vmb">will</w>
<w id="fs-oth-0335860" n="3.4.35" lemma="will" ana="#vmb">will</w>
<w id="fs-oth-0341650" n="3.4.75" lemma="will" ana="#vmd">would</w>
<w id="fs-oth-0343900" n="3.4.90" lemma="will" ana="#vmd">would</w>
<w id="fs-oth-0345400" n="3.4.100" lemma="will" ana="#vmb">will</w>
<w id="fs-oth-0349860" n="3.4.132" lemma="will" ana="#vmd">would</w>
<w id="fs-oth-0352350" n="3.4.149" lemma="will" ana="#vmb">will</w>
<w id="fs-oth-0352440" n="3.4.149" lemma="will" ana="#vmb">will</w>
<w id="fs-oth-0353740" n="3.4.158" lemma="will" ana="#vmb">will</w>
<w id="fs-oth-0356990" n="3.4.180" lemma="will" ana="#vmb">will</w>
<w id="fs-oth-0357800" n="3.4.186" lemma="will" ana="#vmb">will</w>
<w id="fs-oth-0362560" n="3.4.218" lemma="will" ana="#vmb">will</w>
<w id="fs-oth-0362610" n="3.4.218" lemma="will" ana="#vmd">would</w>
<w id="fs-oth-0364980" n="4.1.1" lemma="will" ana="#vmb">Will</w>
<w id="fs-oth-0367900" n="4.1.23" lemma="will" ana="#vmd">would</w>
<w id="fs-oth-0370580" n="4.1.44" lemma="will" ana="#vmb">will</w>
<w id="fs-oth-0371540" n="4.1.50" lemma="will" ana="#vmd">would</w>
<w id="fs-oth-0374360" n="4.1.71" lemma="will" ana="#vmb">will</w>
<w id="fs-oth-0374530" n="4.1.72" lemma="will" ana="#vmd">would</w>
<w id="fs-oth-0375160" n="4.1.76" lemma="will" ana="#vmd">Would</w>
<w id="fs-oth-0375200" n="4.1.76" lemma="will" ana="#vmd">would</w>
<w id="fs-oth-0379130" n="4.1.101" lemma="will" ana="#vmb">will</w>
<w id="fs-oth-0380260" n="4.1.108" lemma="will" ana="#vmb">will</w>
<w id="fs-oth-0380770" n="4.1.111" lemma="will" ana="#vmb">Will</w>
<w id="fs-oth-0380890" n="4.1.112" lemma="will" ana="#vmb">will</w>
<w id="fs-oth-0386540" n="4.1.149" lemma="will" ana="#vmb">will</w>
<w id="fs-oth-0391900" n="4.1.180" lemma="will" ana="#vmb">will</w>
<w id="fs-oth-0392440" n="4.1.184" lemma="will" ana="#vmb">Will</w>
<w id="fs-oth-0392830" n="4.1.186" lemma="will" ana="#vmd">would</w>
<w id="fs-oth-0393000" n="4.1.188" lemma="will" ana="#vmb">Will</w>
<w id="fs-oth-0394400" n="4.1.199" lemma="will" ana="#vmd">would</w>
<w id="fs-oth-0396420" n="4.1.210" lemma="will" ana="#vmb">will</w>
<w id="fs-oth-0398160" n="4.1.221" lemma="will" ana="#vmb">will</w>
<w id="fs-oth-0402640" n="4.1.253" lemma="will" ana="#vmb">will</w>
<w id="fs-oth-0403140" n="4.1.256" lemma="will" ana="#vmd">would</w>
<w id="fs-oth-0404880" n="4.1.272" lemma="will" ana="#vmd">would</w>
<w id="fs-oth-0405670" n="4.1.277" lemma="will" ana="#vmd">would</w>
<w id="fs-oth-0405860" n="4.1.279" lemma="will" ana="#vmb">will</w>
<w id="fs-oth-0406470" n="4.1.284" lemma="will" ana="#vmd">would</w>
<w id="fs-oth-0406830" n="4.1.286" lemma="will" ana="#vmd">would</w>
<w id="fs-oth-0408200" n="4.1.294" lemma="will" ana="#vmb">will</w>
<w id="fs-oth-0410500" n="4.1.309" lemma="will" ana="#vmd">would</w>
<w id="fs-oth-0410870" n="4.1.311" lemma="will" ana="#vmd">would</w>
<w id="fs-oth-0410960" n="4.1.312" lemma="will" ana="#vmd">would</w>
<w id="fs-oth-0411850" n="4.1.320" lemma="will" ana="#vmb">will</w>
<w id="fs-oth-0416660" n="4.2.26" lemma="will" ana="#n1">will</w>
<w id="fs-oth-0424620" n="4.2.79" lemma="will" ana="#vmd">would</w>
<w id="fs-oth-0425500" n="4.2.86" lemma="will" ana="#vmd">would</w>
<w id="fs-oth-0426320" n="4.2.91" lemma="will" ana="#vmb">will</w>
<w id="fs-oth-0434890" n="4.2.148" lemma="will" ana="#vmd">Would</w>
<w id="fs-oth-0435460" n="4.2.153" lemma="will" ana="#vmb">will</w>
<w id="fs-oth-0436010" n="4.2.156" lemma="will" ana="#vmb">will</w>
<w id="fs-oth-0437500" n="4.2.166" lemma="will" ana="#vmd2">’dst</w>
<w id="fs-oth-0439520" n="4.2.180" lemma="will" ana="#n1">will</w>
<w id="fs-oth-0440340" n="4.2.185" lemma="will" ana="#vmb">will</w>
<w id="fs-oth-0444040" n="4.2.209" lemma="will" ana="#vmb">will</w>
<w id="fs-oth-0444480" n="4.2.212" lemma="will" ana="#vmb">Will</w>
<w id="fs-oth-0445490" n="4.2.218" lemma="will" ana="#vmd">would</w>
<w id="fs-oth-0447080" n="4.2.228" lemma="will" ana="#vmb">will</w>
<w id="fs-oth-0447240" n="4.2.229" lemma="will" ana="#vmb">will</w>
<w id="fs-oth-0447360" n="4.2.230" lemma="will" ana="#vmb">will</w>
<w id="fs-oth-0447670" n="4.2.231" lemma="will" ana="#vmb">will</w>
<w id="fs-oth-0452470" n="4.2.264" lemma="will" ana="#vmd">would</w>
<w id="fs-oth-0452980" n="4.2.266" lemma="will" ana="#vmb">will</w>
<w id="fs-oth-0453280" n="4.2.268" lemma="will" ana="#vmb">will</w>
<w id="fs-oth-0453430" n="4.2.268" lemma="will" ana="#vmb">will</w>
<w id="fs-oth-0453780" n="4.2.270" lemma="will" ana="#vmb">will</w>
<w id="fs-oth-0454310" n="4.2.272" lemma="will" ana="#vmb">will</w>
<w id="fs-oth-0455020" n="4.2.276" lemma="will" ana="#vmb">will</w>
<w id="fs-oth-0456220" n="4.3.5" lemma="will" ana="#vmb">Will</w>
<w id="fs-oth-0456600" n="4.3.7" lemma="will" ana="#vmb">will</w>
<w id="fs-oth-0456870" n="4.3.10" lemma="will" ana="#vmb">will</w>
<w id="fs-oth-0457350" n="4.3.12" lemma="will" ana="#vmb">will</w>
<w id="fs-oth-0458210" n="4.3.19" lemma="will" ana="#vmd">would</w>
<w id="fs-oth-0458360" n="4.3.20" lemma="will" ana="#vmd">would</w>
<w id="fs-oth-0460680" n="4.3.33" lemma="will" ana="#vmb">Will</w>
<w id="fs-oth-0461920" n="4.3.41" lemma="will" ana="#vmd">would</w>
<w id="fs-oth-0465990" n="4.3.72" lemma="will" ana="#vmd2">Wouldst</w>
<w id="fs-oth-0466230" n="4.3.73" lemma="will" ana="#vmd">would</w>
<w id="fs-oth-0466760" n="4.3.77" lemma="will" ana="#vmd2">Wouldst</w>
<w id="fs-oth-0467370" n="4.3.80" lemma="will" ana="#vmd2">wouldst</w>
<w id="fs-oth-0467770" n="4.3.82" lemma="will" ana="#vmd">would</w>
<w id="fs-oth-0468460" n="4.3.86" lemma="will" ana="#vmd">would</w>
<w id="fs-oth-0468910" n="4.3.88" lemma="will" ana="#vmd">would</w>
<w id="fs-oth-0470140" n="4.3.96" lemma="will" ana="#vmd">would</w>
<w id="fs-oth-0474330" n="5.1.1" lemma="will" ana="#vmb">will</w>
<w id="fs-oth-0479040" n="5.1.27" lemma="will" ana="#vmb">will</w>
<w id="fs-oth-0494580" n="5.1.129" lemma="will" ana="#vmb">will</w>
<w id="fs-oth-0497860" n="5.1.150" lemma="will" ana="#vmb">Will</w>
<w id="fs-oth-0501800" n="5.2.20" lemma="will" ana="#vmb">will</w>
<w id="fs-oth-0502810" n="5.2.27" lemma="will" ana="#vmb">Will</w>
<w id="fs-oth-0503900" n="5.2.35" lemma="will" ana="#vmb">will</w>
<w id="fs-oth-0503980" n="5.2.36" lemma="will" ana="#vmd">would</w>
<w id="fs-oth-0504200" n="5.2.37" lemma="will" ana="#vmd">would</w>
<w id="fs-oth-0504880" n="5.2.42" lemma="will" ana="#vmb">will</w>
<w id="fs-oth-0506930" n="5.2.57" lemma="will" ana="#vmb">will</w>
<w id="fs-oth-0511060" n="5.2.90" lemma="will" ana="#vmb">will</w>
<w id="fs-oth-0514020" n="5.2.109" lemma="will" ana="#vmd">would</w>
<w id="fs-oth-0514620" n="5.2.114" lemma="will" ana="#vmd">would</w>
<w id="fs-oth-0523690" n="5.2.175" lemma="will" ana="#vmd">would</w>
<w id="fs-oth-0530900" n="5.2.220" lemma="will" ana="#vmb">will</w>
<w id="fs-oth-0533180" n="5.2.234" lemma="will" ana="#vmb">will</w>
<w id="fs-oth-0535140" n="5.2.247" lemma="will" ana="#vmd">would</w>
<w id="fs-oth-0537130" n="5.2.261" lemma="will" ana="#vmb">will</w>
<w id="fs-oth-0537920" n="5.2.265" lemma="will" ana="#vmb">will</w>
<w id="fs-oth-0542700" n="5.2.296" lemma="will" ana="#vmb">will</w>
<w id="fs-oth-0544340" n="5.2.305" lemma="will" ana="#vmb">will</w>
<w id="fs-oth-0544910" n="5.2.308" lemma="will" ana="#vmb">will</w>
<w id="fs-oth-0547810" n="5.2.325" lemma="will" ana="#vmb">will</w>
<w id="fs-oth-0547970" n="5.2.326" lemma="will" ana="#vmb">will</w>
<w id="fs-oth-0551800" n="5.2.346" lemma="will" ana="#vmb">will</w>
<w id="fs-oth-0552730" n="5.2.353" lemma="will" ana="#vmb">Will</w>
<w id="fs-oth-0553370" n="5.2.356" lemma="will" ana="#vmb">will</w>
<w id="fs-oth-0553560" n="5.2.358" lemma="will" ana="#vmb">will</w>
<w id="fs-oth-0564630" n="5.2.434" lemma="will" ana="#vmb">will</w>
</root>