﻿<root>
<w id="fs-oth-0012070" n="1.1.80" lemma="may" ana="#vmb">may</w>
<w id="fs-oth-0024940" n="1.1.165" lemma="may" ana="#vmb">may</w>
<w id="fs-oth-0029570" n="1.1.195" lemma="may" ana="#vmb">May</w>
<w id="fs-oth-0030410" n="1.1.200" lemma="may" ana="#vmb">may</w>
<w id="fs-oth-0031120" n="1.1.204" lemma="may" ana="#vmb">may</w>
<w id="fs-oth-0035560" n="1.2.26" lemma="may" ana="#vmb">May</w>
<w id="fs-oth-0038490" n="1.2.46" lemma="may" ana="#vmb">may</w>
<w id="fs-oth-0047290" n="1.2.110" lemma="may" ana="#vmb">may</w>
<w id="fs-oth-0049090" n="1.2.122" lemma="may" ana="#vmb">may</w>
<w id="fs-oth-0053510" n="1.3.28" lemma="may" ana="#vmb">may</w>
<w id="fs-oth-0080700" n="1.3.217" lemma="may" ana="#vmb">may</w>
<w id="fs-oth-0082930" n="1.3.230" lemma="may" ana="#vmb">may</w>
<w id="fs-oth-0090510" n="1.3.285" lemma="may" ana="#vmb">May</w>
<w id="fs-oth-0097490" n="1.3.334" lemma="may" ana="#vmb">may</w>
<w id="fs-oth-0129920" n="2.1.87" lemma="may" ana="#vmb">may</w>
<w id="fs-oth-0142590" n="2.1.166" lemma="may" ana="#vmb">may</w>
<w id="fs-oth-0144790" n="2.1.180" lemma="may" ana="#vmb">may</w>
<w id="fs-oth-0148570" n="2.1.202" lemma="may" ana="#vmb">May</w>
<w id="fs-oth-0164270" n="2.1.295" lemma="may" ana="#vmb">may</w>
<w id="fs-oth-0164440" n="2.1.295" lemma="may" ana="#vmb">may</w>
<w id="fs-oth-0182440" n="2.3.64" lemma="may" ana="#vmb">may</w>
<w id="fs-oth-0210190" n="2.3.247" lemma="may" ana="#vmd">might</w>
<w id="fs-oth-0210920" n="2.3.251" lemma="may" ana="#vmd">might</w>
<w id="fs-oth-0224200" n="2.3.332" lemma="may" ana="#vmb">may</w>
<w id="fs-oth-0224660" n="2.3.334" lemma="may" ana="#vmb">may</w>
<w id="fs-oth-0229720" n="2.3.366" lemma="may" ana="#vmb">may</w>
<w id="fs-oth-0236630" n="2.3.408" lemma="may" ana="#vmb">may</w>
<w id="fs-oth-0239640" n="3.1.16" lemma="may" ana="#vmb">may</w>
<w id="fs-oth-0243760" n="3.1.42" lemma="may" ana="#vmb">May</w>
<w id="fs-oth-0245310" n="3.1.52" lemma="may" ana="#vmd">might</w>
<w id="fs-oth-0246160" n="3.1.58" lemma="may" ana="#vmb">may</w>
<w id="fs-oth-0250690" n="3.3.16" lemma="may" ana="#vmb">may</w>
<w id="fs-oth-0270320" n="3.3.148" lemma="may" ana="#vmd">might</w>
<w id="fs-oth-0288450" n="3.3.272" lemma="may" ana="#vmb">may</w>
<w id="fs-oth-0288980" n="3.3.275" lemma="may" ana="#vmb">may</w>
<w id="fs-oth-0289160" n="3.3.277" lemma="may" ana="#vmb">May</w>
<w id="fs-oth-0290570" n="3.3.285" lemma="may" ana="#vmd">might</w>
<w id="fs-oth-0304320" n="3.3.372" lemma="may" ana="#vmb">may</w>
<w id="fs-oth-0316470" n="3.3.450" lemma="may" ana="#vmb">may</w>
<w id="fs-oth-0318830" n="3.3.465" lemma="may" ana="#vmd">might</w>
<w id="fs-oth-0322480" n="3.3.488" lemma="may" ana="#vmb">may</w>
<w id="fs-oth-0323030" n="3.3.492" lemma="may" ana="#vmb">may</w>
<w id="fs-oth-0326420" n="3.3.513" lemma="may" ana="#vmb">may</w>
<w id="fs-oth-0338130" n="3.4.51" lemma="may" ana="#vmb">may</w>
<w id="fs-oth-0349430" n="3.4.129" lemma="may" ana="#vmb">may</w>
<w id="fs-oth-0366970" n="4.1.17" lemma="may" ana="#vmb">may</w>
<w id="fs-oth-0367310" n="4.1.19" lemma="may" ana="#vmb">May</w>
<w id="fs-oth-0376160" n="4.1.83" lemma="may" ana="#vmb">May</w>
<w id="fs-oth-0391840" n="4.1.179" lemma="may" ana="#vmb">may</w>
<w id="fs-oth-0392680" n="4.1.186" lemma="may" ana="#vmb">may</w>
<w id="fs-oth-0395690" n="4.1.205" lemma="may" ana="#vmd">might</w>
<w id="fs-oth-0403700" n="4.1.262" lemma="may" ana="#vmb">May</w>
<w id="fs-oth-0408660" n="4.1.296" lemma="may" ana="#vmb">may</w>
<w id="fs-oth-0410160" n="4.1.307" lemma="may" ana="#vmb">may</w>
<w id="fs-oth-0410290" n="4.1.308" lemma="may" ana="#vmd">might</w>
<w id="fs-oth-0410400" n="4.1.308" lemma="may" ana="#vmd">might</w>
<w id="fs-oth-0411960" n="4.1.321" lemma="may" ana="#vmb">may</w>
<w id="fs-oth-0431430" n="4.2.126" lemma="may" ana="#vmd">might</w>
<w id="fs-oth-0432280" n="4.2.131" lemma="may" ana="#vmd">might</w>
<w id="fs-oth-0440730" n="4.2.187" lemma="may" ana="#vmb">may</w>
<w id="fs-oth-0440840" n="4.2.189" lemma="may" ana="#vmb">may</w>
<w id="fs-oth-0441390" n="4.2.192" lemma="may" ana="#vmd">might</w>
<w id="fs-oth-0453640" n="4.2.269" lemma="may" ana="#vmb">may</w>
<w id="fs-oth-0466590" n="4.3.76" lemma="may" ana="#vmd">might</w>
<w id="fs-oth-0469640" n="4.3.92" lemma="may" ana="#vmd">might</w>
<w id="fs-oth-0475220" n="5.1.7" lemma="may" ana="#vmb">may</w>
<w id="fs-oth-0477880" n="5.1.22" lemma="may" ana="#vmb">May</w>
<w id="fs-oth-0482400" n="5.1.48" lemma="may" ana="#vmb">may</w>
<w id="fs-oth-0486600" n="5.1.78" lemma="may" ana="#vmb">may</w>
<w id="fs-oth-0488540" n="5.1.92" lemma="may" ana="#vmb">may</w>
<w id="fs-oth-0503620" n="5.2.34" lemma="may" ana="#vmb">may</w>
<w id="fs-oth-0509380" n="5.2.76" lemma="may" ana="#vmd">might</w>
<w id="fs-oth-0516870" n="5.2.127" lemma="may" ana="#vmb">may</w>
<w id="fs-oth-0525660" n="5.2.190" lemma="may" ana="#vmb">may</w>
</root>