﻿<root>
<w id="fs-oth-0003880" n="1.1.26" lemma="can" ana="#vmb">can</w>
<w id="fs-oth-0006920" n="1.1.46" lemma="can" ana="#vmb-x">cannot</w>
<w id="fs-oth-0007060" n="1.1.47" lemma="can" ana="#vmb-x">Cannot</w>
<w id="fs-oth-0010980" n="1.1.73" lemma="can" ana="#vmb">can</w>
<w id="fs-oth-0025060" n="1.1.166" lemma="can" ana="#vmb-x">Cannot</w>
<w id="fs-oth-0030600" n="1.1.201" lemma="can" ana="#vmb">can</w>
<w id="fs-oth-0048830" n="1.2.121" lemma="can" ana="#vmb-x">Cannot</w>
<w id="fs-oth-0052670" n="1.3.22" lemma="can" ana="#vmb-x">cannot</w>
<w id="fs-oth-0060310" n="1.3.77" lemma="can" ana="#vmd">could</w>
<w id="fs-oth-0062060" n="1.3.89" lemma="can" ana="#vmb">can</w>
<w id="fs-oth-0064150" n="1.3.101" lemma="can" ana="#vmb">can</w>
<w id="fs-oth-0066480" n="1.3.118" lemma="can" ana="#vmd">could</w>
<w id="fs-oth-0073870" n="1.3.172" lemma="can" ana="#vmd">could</w>
<w id="fs-oth-0083780" n="1.3.236" lemma="can" ana="#vmb-x">cannot</w>
<w id="fs-oth-0084680" n="1.3.242" lemma="can" ana="#vmb">can</w>
<w id="fs-oth-0100600" n="1.3.354" lemma="can" ana="#vmd">could</w>
<w id="fs-oth-0104670" n="1.3.376" lemma="can" ana="#vmb-x">cannot</w>
<w id="fs-oth-0105650" n="1.3.381" lemma="can" ana="#vmd">could</w>
<w id="fs-oth-0106290" n="1.3.385" lemma="can" ana="#vmb-x">cannot</w>
<w id="fs-oth-0108690" n="1.3.397" lemma="can" ana="#vm2">canst</w>
<w id="fs-oth-0111180" n="1.3.411" lemma="can" ana="#vm2">canst</w>
<w id="fs-oth-0117180" n="2.1.1" lemma="can" ana="#vmb">can</w>
<w id="fs-oth-0117500" n="2.1.3" lemma="can" ana="#vmb-x">cannot</w>
<w id="fs-oth-0118350" n="2.1.9" lemma="can" ana="#vmb">Can</w>
<w id="fs-oth-0131680" n="2.1.98" lemma="can" ana="#vmb">can</w>
<w id="fs-oth-0141390" n="2.1.159" lemma="can" ana="#vmd2">couldst</w>
<w id="fs-oth-0143310" n="2.1.171" lemma="can" ana="#vmd">could</w>
<w id="fs-oth-0150260" n="2.1.214" lemma="can" ana="#vmb-x">cannot</w>
<w id="fs-oth-0159330" n="2.1.265" lemma="can" ana="#vmb">can</w>
<w id="fs-oth-0160290" n="2.1.271" lemma="can" ana="#vmb-x">cannot</w>
<w id="fs-oth-0165860" n="2.1.303" lemma="can" ana="#vmb">can</w>
<w id="fs-oth-0168490" n="2.1.320" lemma="can" ana="#vmb">can</w>
<w id="fs-oth-0169150" n="2.1.324" lemma="can" ana="#vmb-x">cannot</w>
<w id="fs-oth-0178450" n="2.3.35" lemma="can" ana="#vmd">could</w>
<w id="fs-oth-0180430" n="2.3.49" lemma="can" ana="#vmb">can</w>
<w id="fs-oth-0185890" n="2.3.88" lemma="can" ana="#vmb">can</w>
<w id="fs-oth-0190660" n="2.3.119" lemma="can" ana="#vmb">can</w>
<w id="fs-oth-0202380" n="2.3.196" lemma="can" ana="#vmb-x">cannot</w>
<w id="fs-oth-0203210" n="2.3.201" lemma="can" ana="#vmb-x">cannot</w>
<w id="fs-oth-0204540" n="2.3.210" lemma="can" ana="#vmb">can</w>
<w id="fs-oth-0211620" n="2.3.255" lemma="can" ana="#vmb-x">cannot</w>
<w id="fs-oth-0212510" n="2.3.261" lemma="can" ana="#vmd">could</w>
<w id="fs-oth-0221610" n="2.3.320" lemma="can" ana="#vmd">could</w>
<w id="fs-oth-0254690" n="3.3.41" lemma="can" ana="#vmb-x">cannot</w>
<w id="fs-oth-0260830" n="3.3.82" lemma="can" ana="#vmd">could</w>
<w id="fs-oth-0269640" n="3.3.143" lemma="can" ana="#vmb-x">cannot</w>
<w id="fs-oth-0276130" n="3.3.192" lemma="can" ana="#vmb-x">cannot</w>
<w id="fs-oth-0284310" n="3.3.243" lemma="can" ana="#vmd">could</w>
<w id="fs-oth-0294680" n="3.3.310" lemma="can" ana="#vmb">can</w>
<w id="fs-oth-0312370" n="3.3.425" lemma="can" ana="#vm2">canst</w>
<w id="fs-oth-0319870" n="3.3.472" lemma="can" ana="#vmd">could</w>
<w id="fs-oth-0332110" n="3.4.10" lemma="can" ana="#vmb">Can</w>
<w id="fs-oth-0332840" n="3.4.14" lemma="can" ana="#vmb">Can</w>
<w id="fs-oth-0338790" n="3.4.55" lemma="can" ana="#vmb-x">cannot</w>
<w id="fs-oth-0340350" n="3.4.67" lemma="can" ana="#vmd">could</w>
<w id="fs-oth-0342400" n="3.4.79" lemma="can" ana="#vmd">could</w>
<w id="fs-oth-0345330" n="3.4.100" lemma="can" ana="#vmb">can</w>
<w id="fs-oth-0350330" n="3.4.136" lemma="can" ana="#vmb">Can</w>
<w id="fs-oth-0352290" n="3.4.149" lemma="can" ana="#vmb">can</w>
<w id="fs-oth-0352950" n="3.4.154" lemma="can" ana="#vmb">Can</w>
<w id="fs-oth-0364380" n="3.4.229" lemma="can" ana="#vmb">can</w>
<w id="fs-oth-0369480" n="4.1.34" lemma="can" ana="#vmb-x">cannot</w>
<w id="fs-oth-0381790" n="4.1.117" lemma="can" ana="#vmb-x">cannot</w>
<w id="fs-oth-0405490" n="4.1.276" lemma="can" ana="#vmd">could</w>
<w id="fs-oth-0406960" n="4.1.287" lemma="can" ana="#vmb">can</w>
<w id="fs-oth-0407250" n="4.1.288" lemma="can" ana="#vmb">can</w>
<w id="fs-oth-0409370" n="4.1.301" lemma="can" ana="#vmd">could</w>
<w id="fs-oth-0409640" n="4.1.303" lemma="can" ana="#vmd">Could</w>
<w id="fs-oth-0415860" n="4.2.23" lemma="can" ana="#vmb-x">cannot</w>
<w id="fs-oth-0422300" n="4.2.66" lemma="can" ana="#vmd">could</w>
<w id="fs-oth-0430380" n="4.2.120" lemma="can" ana="#vmb-x">cannot</w>
<w id="fs-oth-0431940" n="4.2.129" lemma="can" ana="#vmb-x">cannot</w>
<w id="fs-oth-0433120" n="4.2.136" lemma="can" ana="#vmb-x">cannot</w>
<w id="fs-oth-0433770" n="4.2.142" lemma="can" ana="#vmd">Could</w>
<w id="fs-oth-0441050" n="4.2.190" lemma="can" ana="#vmb-x">cannot</w>
<w id="fs-oth-0441590" n="4.2.193" lemma="can" ana="#vmd">could</w>
<w id="fs-oth-0446320" n="4.2.224" lemma="can" ana="#vmb-x">cannot</w>
<w id="fs-oth-0451820" n="4.2.260" lemma="can" ana="#vmb">can</w>
<w id="fs-oth-0485180" n="5.1.67" lemma="can" ana="#vmb-x">cannot</w>
<w id="fs-oth-0500070" n="5.2.9" lemma="can" ana="#vmb">can</w>
<w id="fs-oth-0500680" n="5.2.13" lemma="can" ana="#vmb">can</w>
<w id="fs-oth-0500900" n="5.2.15" lemma="can" ana="#vmb-x">cannot</w>
<w id="fs-oth-0508350" n="5.2.69" lemma="can" ana="#vmb-x">Cannot</w>
<w id="fs-oth-0542590" n="5.2.296" lemma="can" ana="#vm2">canst</w>
<w id="fs-oth-0546060" n="5.2.316" lemma="can" ana="#vmb">can</w>
<w id="fs-oth-0550370" n="5.2.337" lemma="can" ana="#vmb-x">cannot</w>
<w id="fs-oth-0558160" n="5.2.393" lemma="can" ana="#vmb">can</w>
</root>