﻿<root>
<w id="fs-oth-0000650" n="1.1.3" lemma="shall" ana="#vmd2">shouldst</w>
<w id="fs-oth-0007170" n="1.1.47" lemma="shall" ana="#vmb">shall</w>
<w id="fs-oth-0019810" n="1.1.134" lemma="shall" ana="#vm2">shalt</w>
<w id="fs-oth-0024690" n="1.1.163" lemma="shall" ana="#vmb">shall</w>
<w id="fs-oth-0026560" n="1.1.174" lemma="shall" ana="#vmb">shall</w>
<w id="fs-oth-0034860" n="1.2.22" lemma="shall" ana="#vmb">Shall</w>
<w id="fs-oth-0035240" n="1.2.24" lemma="shall" ana="#vmb">shall</w>
<w id="fs-oth-0037060" n="1.2.37" lemma="shall" ana="#vmb">Shall</w>
<w id="fs-oth-0042650" n="1.2.78" lemma="shall" ana="#vmb">shall</w>
<w id="fs-oth-0046490" n="1.2.103" lemma="shall" ana="#vmd">should</w>
<w id="fs-oth-0049230" n="1.2.123" lemma="shall" ana="#vmb">shall</w>
<w id="fs-oth-0060840" n="1.3.81" lemma="shall" ana="#vmb">shall</w>
<w id="fs-oth-0064440" n="1.3.103" lemma="shall" ana="#vmb">shall</w>
<w id="fs-oth-0066860" n="1.3.121" lemma="shall" ana="#vmd">should</w>
<w id="fs-oth-0076670" n="1.3.191" lemma="shall" ana="#vmd">should</w>
<w id="fs-oth-0091960" n="1.3.293" lemma="shall" ana="#vmb">shall</w>
<w id="fs-oth-0094450" n="1.3.310" lemma="shall" ana="#vmb">shall</w>
<w id="fs-oth-0095340" n="1.3.318" lemma="shall" ana="#vmb">shall</w>
<w id="fs-oth-0096260" n="1.3.325" lemma="shall" ana="#vmb">shall</w>
<w id="fs-oth-0099590" n="1.3.348" lemma="shall" ana="#vmb">shall</w>
<w id="fs-oth-0101440" n="1.3.359" lemma="shall" ana="#vmd">should</w>
<w id="fs-oth-0106370" n="1.3.385" lemma="shall" ana="#vmd">should</w>
<w id="fs-oth-0106910" n="1.3.388" lemma="shall" ana="#vm2">shalt</w>
<w id="fs-oth-0107590" n="1.3.392" lemma="shall" ana="#vmb">shall</w>
<w id="fs-oth-0109260" n="1.3.400" lemma="shall" ana="#vm2">shalt</w>
<w id="fs-oth-0111990" n="1.3.416" lemma="shall" ana="#vmb">shall</w>
<w id="fs-oth-0113430" n="1.3.427" lemma="shall" ana="#vmd">should</w>
<w id="fs-oth-0114660" n="1.3.434" lemma="shall" ana="#vmb">shall</w>
<w id="fs-oth-0118460" n="2.1.9" lemma="shall" ana="#vmb">shall</w>
<w id="fs-oth-0126840" n="2.1.65" lemma="shall" ana="#vmb">shall</w>
<w id="fs-oth-0136710" n="2.1.129" lemma="shall" ana="#vmb">shall</w>
<w id="fs-oth-0137060" n="2.1.131" lemma="shall" ana="#vmd2">shouldst</w>
<w id="fs-oth-0139730" n="2.1.148" lemma="shall" ana="#vmb">shall</w>
<w id="fs-oth-0149970" n="2.1.211" lemma="shall" ana="#vmd">should</w>
<w id="fs-oth-0150880" n="2.1.217" lemma="shall" ana="#vmb">shall</w>
<w id="fs-oth-0151980" n="2.1.225" lemma="shall" ana="#vmb">shall</w>
<w id="fs-oth-0156030" n="2.1.247" lemma="shall" ana="#vmb">shall</w>
<w id="fs-oth-0156430" n="2.1.249" lemma="shall" ana="#vmd">should</w>
<w id="fs-oth-0163950" n="2.1.291" lemma="shall" ana="#vmb">shall</w>
<w id="fs-oth-0164760" n="2.1.297" lemma="shall" ana="#vmb">shall</w>
<w id="fs-oth-0165030" n="2.1.299" lemma="shall" ana="#vmb">shall</w>
<w id="fs-oth-0165280" n="2.1.300" lemma="shall" ana="#vmb">shall</w>
<w id="fs-oth-0168530" n="2.1.320" lemma="shall" ana="#vmb">shall</w>
<w id="fs-oth-0172440" n="2.2.8" lemma="shall" ana="#vmd">should</w>
<w id="fs-oth-0194580" n="2.3.145" lemma="shall" ana="#vmd">Should</w>
<w id="fs-oth-0206300" n="2.3.223" lemma="shall" ana="#vmb">Shall</w>
<w id="fs-oth-0207040" n="2.3.227" lemma="shall" ana="#vmb">Shall</w>
<w id="fs-oth-0208610" n="2.3.237" lemma="shall" ana="#vmd">should</w>
<w id="fs-oth-0208890" n="2.3.239" lemma="shall" ana="#vmb">Shall</w>
<w id="fs-oth-0219910" n="2.3.309" lemma="shall" ana="#vmd">should</w>
<w id="fs-oth-0220190" n="2.3.310" lemma="shall" ana="#vmd">should</w>
<w id="fs-oth-0222240" n="2.3.322" lemma="shall" ana="#vmb">shall</w>
<w id="fs-oth-0224450" n="2.3.333" lemma="shall" ana="#vmb">shall</w>
<w id="fs-oth-0226590" n="2.3.344" lemma="shall" ana="#vmb">shall</w>
<w id="fs-oth-0229960" n="2.3.367" lemma="shall" ana="#vmb">shall</w>
<w id="fs-oth-0231830" n="2.3.379" lemma="shall" ana="#vmb">shall</w>
<w id="fs-oth-0232320" n="2.3.382" lemma="shall" ana="#vmb">shall</w>
<w id="fs-oth-0233330" n="2.3.388" lemma="shall" ana="#vmb">shall</w>
<w id="fs-oth-0235770" n="2.3.402" lemma="shall" ana="#vm2">shalt</w>
<w id="fs-oth-0242030" n="3.1.29" lemma="shall" ana="#vmb">shall</w>
<w id="fs-oth-0246620" n="3.1.62" lemma="shall" ana="#vmb">shall</w>
<w id="fs-oth-0248060" n="3.2.6" lemma="shall" ana="#vmb">shall</w>
<w id="fs-oth-0249620" n="3.3.9" lemma="shall" ana="#vmb">shall</w>
<w id="fs-oth-0250330" n="3.3.13" lemma="shall" ana="#vmb">shall</w>
<w id="fs-oth-0252080" n="3.3.24" lemma="shall" ana="#vmb">shall</w>
<w id="fs-oth-0252380" n="3.3.26" lemma="shall" ana="#vmb">shall</w>
<w id="fs-oth-0252860" n="3.3.29" lemma="shall" ana="#vmb">shall</w>
<w id="fs-oth-0257420" n="3.3.61" lemma="shall" ana="#vmb">shall</w>
<w id="fs-oth-0257950" n="3.3.66" lemma="shall" ana="#vmb">shall</w>
<w id="fs-oth-0259520" n="3.3.75" lemma="shall" ana="#vmb">shall</w>
<w id="fs-oth-0259890" n="3.3.77" lemma="shall" ana="#vmd">should</w>
<w id="fs-oth-0261400" n="3.3.86" lemma="shall" ana="#vmd">should</w>
<w id="fs-oth-0262270" n="3.3.91" lemma="shall" ana="#vmb">shall</w>
<w id="fs-oth-0262990" n="3.3.96" lemma="shall" ana="#vmb">Shall</w>
<w id="fs-oth-0270070" n="3.3.147" lemma="shall" ana="#vmd">should</w>
<w id="fs-oth-0270440" n="3.3.149" lemma="shall" ana="#vmd">should</w>
<w id="fs-oth-0276320" n="3.3.193" lemma="shall" ana="#vmb">shall</w>
<w id="fs-oth-0278060" n="3.3.204" lemma="shall" ana="#vmb">shall</w>
<w id="fs-oth-0279180" n="3.3.212" lemma="shall" ana="#vmb">shall</w>
<w id="fs-oth-0281460" n="3.3.224" lemma="shall" ana="#vmb">shall</w>
<w id="fs-oth-0286480" n="3.3.259" lemma="shall" ana="#vmd">Should</w>
<w id="fs-oth-0286650" n="3.3.260" lemma="shall" ana="#vmd">should</w>
<w id="fs-oth-0291400" n="3.3.290" lemma="shall" ana="#vmb">shall</w>
<w id="fs-oth-0299270" n="3.3.338" lemma="shall" ana="#vmd">should</w>
<w id="fs-oth-0303360" n="3.3.366" lemma="shall" ana="#vmb">shall</w>
<w id="fs-oth-0305540" n="3.3.381" lemma="shall" ana="#vmb">Shall</w>
<w id="fs-oth-0314100" n="3.3.435" lemma="shall" ana="#vmd2">shouldst</w>
<w id="fs-oth-0314190" n="3.3.436" lemma="shall" ana="#vmd">should</w>
<w id="fs-oth-0317650" n="3.3.458" lemma="shall" ana="#vmb">shall</w>
<w id="fs-oth-0317840" n="3.3.459" lemma="shall" ana="#vmd">should</w>
<w id="fs-oth-0327180" n="3.3.519" lemma="shall" ana="#vmb">Shall</w>
<w id="fs-oth-0328840" n="3.3.531" lemma="shall" ana="#vmb">shall</w>
<w id="fs-oth-0334250" n="3.4.23" lemma="shall" ana="#vmd">should</w>
<w id="fs-oth-0341150" n="3.4.73" lemma="shall" ana="#vmd">Should</w>
<w id="fs-oth-0341300" n="3.4.73" lemma="shall" ana="#vmd">should</w>
<w id="fs-oth-0350650" n="3.4.138" lemma="shall" ana="#vmb">shall</w>
<w id="fs-oth-0351390" n="3.4.143" lemma="shall" ana="#vmd">should</w>
<w id="fs-oth-0360180" n="3.4.202" lemma="shall" ana="#vmb">shall</w>
<w id="fs-oth-0364110" n="3.4.228" lemma="shall" ana="#vmb">shall</w>
<w id="fs-oth-0377380" n="4.1.89" lemma="shall" ana="#vmb">shall</w>
<w id="fs-oth-0379880" n="4.1.105" lemma="shall" ana="#vmb">shall</w>
<w id="fs-oth-0382070" n="4.1.119" lemma="shall" ana="#vmb">shall</w>
<w id="fs-oth-0382140" n="4.1.119" lemma="shall" ana="#vmb">shall</w>
<w id="fs-oth-0383310" n="4.1.127" lemma="shall" ana="#vmd">should</w>
<w id="fs-oth-0384700" n="4.1.136" lemma="shall" ana="#vmb">shall</w>
<w id="fs-oth-0388850" n="4.1.163" lemma="shall" ana="#vmb">shall</w>
<w id="fs-oth-0390460" n="4.1.173" lemma="shall" ana="#vmd">should</w>
<w id="fs-oth-0391610" n="4.1.178" lemma="shall" ana="#vmd">should</w>
<w id="fs-oth-0393280" n="4.1.190" lemma="shall" ana="#vmb">shall</w>
<w id="fs-oth-0395100" n="4.1.203" lemma="shall" ana="#vmb">shall</w>
<w id="fs-oth-0399820" n="4.1.233" lemma="shall" ana="#vmb">shall</w>
<w id="fs-oth-0402200" n="4.1.249" lemma="shall" ana="#vmb">shall</w>
<w id="fs-oth-0405040" n="4.1.273" lemma="shall" ana="#vmd">should</w>
<w id="fs-oth-0408400" n="4.1.295" lemma="shall" ana="#vmb">shall</w>
<w id="fs-oth-0411720" n="4.1.318" lemma="shall" ana="#vmb">shall</w>
<w id="fs-oth-0418900" n="4.2.44" lemma="shall" ana="#vmd">Should</w>
<w id="fs-oth-0421630" n="4.2.62" lemma="shall" ana="#vmd">should</w>
<w id="fs-oth-0425350" n="4.2.85" lemma="shall" ana="#vmd">should</w>
<w id="fs-oth-0427510" n="4.2.100" lemma="shall" ana="#vmb">shall</w>
<w id="fs-oth-0430560" n="4.2.121" lemma="shall" ana="#vmd">should</w>
<w id="fs-oth-0431160" n="4.2.125" lemma="shall" ana="#vmd">should</w>
<w id="fs-oth-0436700" n="4.2.160" lemma="shall" ana="#vmd">should</w>
<w id="fs-oth-0438810" n="4.2.176" lemma="shall" ana="#vmb">shall</w>
<w id="fs-oth-0442830" n="4.2.201" lemma="shall" ana="#vmb">shall</w>
<w id="fs-oth-0453960" n="4.2.271" lemma="shall" ana="#vmb">shall</w>
<w id="fs-oth-0454520" n="4.2.273" lemma="shall" ana="#vmb">shall</w>
<w id="fs-oth-0455190" n="4.2.277" lemma="shall" ana="#vmb">shall</w>
<w id="fs-oth-0461290" n="4.3.36" lemma="shall" ana="#vmb">Shall</w>
<w id="fs-oth-0467530" n="4.3.81" lemma="shall" ana="#vmd">should</w>
<w id="fs-oth-0468720" n="4.3.87" lemma="shall" ana="#vmd">should</w>
<w id="fs-oth-0481440" n="5.1.40" lemma="shall" ana="#vmb">shall</w>
<w id="fs-oth-0482800" n="5.1.50" lemma="shall" ana="#vmb">shall</w>
<w id="fs-oth-0486840" n="5.1.79" lemma="shall" ana="#vmb">shall</w>
<w id="fs-oth-0488630" n="5.1.93" lemma="shall" ana="#vmd">should</w>
<w id="fs-oth-0494140" n="5.1.127" lemma="shall" ana="#vmb">shall</w>
<w id="fs-oth-0500180" n="5.2.10" lemma="shall" ana="#vmd">Should</w>
<w id="fs-oth-0505330" n="5.2.45" lemma="shall" ana="#vmd">should</w>
<w id="fs-oth-0515390" n="5.2.118" lemma="shall" ana="#vmb">Shall</w>
<w id="fs-oth-0516350" n="5.2.123" lemma="shall" ana="#vmd">should</w>
<w id="fs-oth-0516640" n="5.2.125" lemma="shall" ana="#vmd">Should</w>
<w id="fs-oth-0520670" n="5.2.154" lemma="shall" ana="#vmd">should</w>
<w id="fs-oth-0539760" n="5.2.278" lemma="shall" ana="#vmd">should</w>
<w id="fs-oth-0542260" n="5.2.293" lemma="shall" ana="#vmd">should</w>
<w id="fs-oth-0547160" n="5.2.322" lemma="shall" ana="#vmd">should</w>
<w id="fs-oth-0547650" n="5.2.324" lemma="shall" ana="#vmb">shall</w>
<w id="fs-oth-0551530" n="5.2.344" lemma="shall" ana="#vmb">shall</w>
<w id="fs-oth-0553790" n="5.2.361" lemma="shall" ana="#vmb">shall</w>
<w id="fs-oth-0558340" n="5.2.394" lemma="shall" ana="#vmb">shall</w>
<w id="fs-oth-0558430" n="5.2.394" lemma="shall" ana="#vmb">shall</w>
<w id="fs-oth-0559510" n="5.2.401" lemma="shall" ana="#vmb">shall</w>
</root>