﻿<root>
<w id="fs-rom-0006930" n="1.1.28" lemma="must" ana="#vmb">must</w>
<w id="fs-rom-0025940" n="1.1.144" lemma="must" ana="#vmb">must</w>
<w id="fs-rom-0050550" n="1.2.45" lemma="must" ana="#vmb">must</w>
<w id="fs-rom-0061410" n="1.3.9" lemma="must" ana="#vmb">must</w>
<w id="fs-rom-0078580" n="1.3.109" lemma="must" ana="#vmb">must</w>
<w id="fs-rom-0081600" n="1.4.13" lemma="must" ana="#vmb">must</w>
<w id="fs-rom-0114090" n="1.5.96" lemma="must" ana="#vmb">must</w>
<w id="fs-rom-0117140" n="1.5.113" lemma="must" ana="#vmb">must</w>
<w id="fs-rom-0124590" n="1.5.155" lemma="must" ana="#vmb">must</w>
<w id="fs-rom-0126530" n="2.CHO.7" lemma="must" ana="#vmb">must</w>
<w id="fs-rom-0130740" n="2.1.19" lemma="must" ana="#vmb">must</w>
<w id="fs-rom-0153230" n="2.2.107" lemma="must" ana="#vmb">must</w>
<w id="fs-rom-0169800" n="2.3.7" lemma="must" ana="#vmb">must</w>
<w id="fs-rom-0178500" n="2.3.64" lemma="must" ana="#vmb">must</w>
<w id="fs-rom-0208600" n="2.4.156" lemma="must" ana="#vmb">must</w>
<w id="fs-rom-0215120" n="2.4.194" lemma="must" ana="#vmb">Must</w>
<w id="fs-rom-0233130" n="2.5.77" lemma="must" ana="#vmb">must</w>
<w id="fs-rom-0233360" n="2.5.79" lemma="must" ana="#vmb">Must</w>
<w id="fs-rom-0262620" n="3.1.125" lemma="must" ana="#vmb">must</w>
<w id="fs-rom-0264000" n="3.1.134" lemma="must" ana="#vmb">must</w>
<w id="fs-rom-0272880" n="3.1.189" lemma="must" ana="#vmb">must</w>
<w id="fs-rom-0273010" n="3.1.190" lemma="must" ana="#vmb">must</w>
<w id="fs-rom-0306810" n="3.3.43" lemma="must" ana="#vmb">must</w>
<w id="fs-rom-0338880" n="3.5.11" lemma="must" ana="#vmb">must</w>
<w id="fs-rom-0344860" n="3.5.44" lemma="must" ana="#vmb">must</w>
<w id="fs-rom-0358200" n="3.5.123" lemma="must" ana="#vmb">must</w>
<w id="fs-rom-0376280" n="3.5.228" lemma="must" ana="#vmb">must</w>
<w id="fs-rom-0384330" n="4.1.20" lemma="must" ana="#vmb">must</w>
<w id="fs-rom-0384500" n="4.1.21" lemma="must" ana="#vmb">must</w>
<w id="fs-rom-0388220" n="4.1.41" lemma="must" ana="#vmb">must</w>
<w id="fs-rom-0389730" n="4.1.49" lemma="must" ana="#vmb">must</w>
<w id="fs-rom-0415210" n="4.3.20" lemma="must" ana="#vmb">must</w>
<w id="fs-rom-0429730" n="4.5.11" lemma="must" ana="#vmb">must</w>
<w id="fs-rom-0430610" n="4.5.16" lemma="must" ana="#vmb">must</w>
<w id="fs-rom-0461990" n="5.1.57" lemma="must" ana="#vmb">must</w>
<w id="fs-rom-0467720" n="5.1.91" lemma="must" ana="#vmb">must</w>
<w id="fs-rom-0471870" n="5.2.24" lemma="must" ana="#vmb">must</w>
<w id="fs-rom-0478740" n="5.3.31" lemma="must" ana="#vmb">must</w>
<w id="fs-rom-0483210" n="5.3.57" lemma="must" ana="#vmb">must</w>
<w id="fs-rom-0483280" n="5.3.58" lemma="must" ana="#vmb">must</w>
</root>