﻿<root>
<w id="fs-rom-0023860" n="1.1.129" lemma="may" ana="#vmd">might</w>
<w id="fs-rom-0026080" n="1.1.145" lemma="may" ana="#vmb">may</w>
<w id="fs-rom-0042170" n="1.1.245" lemma="may" ana="#vmb">may</w>
<w id="fs-rom-0044720" n="1.2.11" lemma="may" ana="#vmb">may</w>
<w id="fs-rom-0048280" n="1.2.33" lemma="may" ana="#vmb">May</w>
<w id="fs-rom-0071400" n="1.3.66" lemma="may" ana="#vmd">might</w>
<w id="fs-rom-0088090" n="1.4.52" lemma="may" ana="#vmb">may</w>
<w id="fs-rom-0113900" n="1.5.95" lemma="may" ana="#vmb">may</w>
<w id="fs-rom-0126860" n="2.CHO.9" lemma="may" ana="#vmb">may</w>
<w id="fs-rom-0139720" n="2.2.26" lemma="may" ana="#vmd">might</w>
<w id="fs-rom-0151370" n="2.2.97" lemma="may" ana="#vm2">mayst</w>
<w id="fs-rom-0152630" n="2.2.104" lemma="may" ana="#vm2">mayst</w>
<w id="fs-rom-0156510" n="2.2.129" lemma="may" ana="#vmb">May</w>
<w id="fs-rom-0163490" n="2.2.171" lemma="may" ana="#vmb">may</w>
<w id="fs-rom-0181840" n="2.3.85" lemma="may" ana="#vmb">may</w>
<w id="fs-rom-0183930" n="2.3.98" lemma="may" ana="#vmb">may</w>
<w id="fs-rom-0186150" n="2.4.11" lemma="may" ana="#vmb">may</w>
<w id="fs-rom-0193290" n="2.4.52" lemma="may" ana="#vmb">may</w>
<w id="fs-rom-0194980" n="2.4.65" lemma="may" ana="#vmb">may</w>
<w id="fs-rom-0203180" n="2.4.121" lemma="may" ana="#vmb">may</w>
<w id="fs-rom-0216160" n="2.4.200" lemma="may" ana="#vmb">may</w>
<w id="fs-rom-0235660" n="2.6.8" lemma="may" ana="#vmb">may</w>
<w id="fs-rom-0237240" n="2.6.18" lemma="may" ana="#vmb">may</w>
<w id="fs-rom-0251570" n="3.1.60" lemma="may" ana="#vmb">may</w>
<w id="fs-rom-0276720" n="3.2.6" lemma="may" ana="#vmb">may</w>
<w id="fs-rom-0280860" n="3.2.33" lemma="may" ana="#vmb">may</w>
<w id="fs-rom-0291520" n="3.2.102" lemma="may" ana="#vmb">may</w>
<w id="fs-rom-0295910" n="3.2.131" lemma="may" ana="#vmd">might</w>
<w id="fs-rom-0305410" n="3.3.34" lemma="may" ana="#vmb">may</w>
<w id="fs-rom-0305530" n="3.3.35" lemma="may" ana="#vmb">may</w>
<w id="fs-rom-0305870" n="3.3.37" lemma="may" ana="#vmb">may</w>
<w id="fs-rom-0306530" n="3.3.42" lemma="may" ana="#vmb">may</w>
<w id="fs-rom-0306660" n="3.3.43" lemma="may" ana="#vmb">may</w>
<w id="fs-rom-0311200" n="3.3.71" lemma="may" ana="#vmd2">mightst</w>
<w id="fs-rom-0311290" n="3.3.71" lemma="may" ana="#vmd2">mightst</w>
<w id="fs-rom-0318680" n="3.3.116" lemma="may" ana="#vmb">may</w>
<w id="fs-rom-0334990" n="3.4.28" lemma="may" ana="#vmb">may</w>
<w id="fs-rom-0336850" n="3.4.38" lemma="may" ana="#vmb">May</w>
<w id="fs-rom-0345660" n="3.5.50" lemma="may" ana="#vmb">may</w>
<w id="fs-rom-0352700" n="3.5.91" lemma="may" ana="#vmd">might</w>
<w id="fs-rom-0360710" n="3.5.137" lemma="may" ana="#vmb">may</w>
<w id="fs-rom-0368310" n="3.5.182" lemma="may" ana="#vmb">May</w>
<w id="fs-rom-0383040" n="4.1.14" lemma="may" ana="#vmb">May</w>
<w id="fs-rom-0384060" n="4.1.19" lemma="may" ana="#vmb">may</w>
<w id="fs-rom-0384180" n="4.1.19" lemma="may" ana="#vmb">may</w>
<w id="fs-rom-0384290" n="4.1.20" lemma="may" ana="#vmb">may</w>
<w id="fs-rom-0387410" n="4.1.37" lemma="may" ana="#vmb">may</w>
<w id="fs-rom-0389800" n="4.1.49" lemma="may" ana="#vmb">may</w>
<w id="fs-rom-0390350" n="4.1.52" lemma="may" ana="#vmb">may</w>
<w id="fs-rom-0405280" n="4.2.13" lemma="may" ana="#vmb">may</w>
<w id="fs-rom-0407510" n="4.2.27" lemma="may" ana="#vmd">might</w>
<w id="fs-rom-0445390" n="4.5.102" lemma="may" ana="#vmb">may</w>
<w id="fs-rom-0446120" n="4.5.105" lemma="may" ana="#vmb">may</w>
<w id="fs-rom-0453010" n="5.1.1" lemma="may" ana="#vmb">may</w>
<w id="fs-rom-0463420" n="5.1.66" lemma="may" ana="#vmb">may</w>
<w id="fs-rom-0463560" n="5.1.67" lemma="may" ana="#vmb">may</w>
<w id="fs-rom-0466980" n="5.1.86" lemma="may" ana="#vm2">mayst</w>
<w id="fs-rom-0471190" n="5.2.20" lemma="may" ana="#vmb">May</w>
<w id="fs-rom-0489190" n="5.3.90" lemma="may" ana="#vmb">may</w>
</root>
