﻿<root>
<w id="fs-rom-0002070" n="PRO.14" lemma="shall" ana="#vmb">shall</w>
<w id="fs-rom-0002160" n="PRO.14" lemma="shall" ana="#vmb">shall</w>
<w id="fs-rom-0002890" n="1.1.2" lemma="shall" ana="#vmd">should</w>
<w id="fs-rom-0004380" n="1.1.12" lemma="shall" ana="#vmb">shall</w>
<w id="fs-rom-0007140" n="1.1.29" lemma="shall" ana="#vmb">shall</w>
<w id="fs-rom-0016010" n="1.1.82" lemma="shall" ana="#vm2">shalt</w>
<w id="fs-rom-0018640" n="1.1.99" lemma="shall" ana="#vmb">shall</w>
<w id="fs-rom-0019000" n="1.1.101" lemma="shall" ana="#vmb">shall</w>
<w id="fs-rom-0025030" n="1.1.138" lemma="shall" ana="#vmd">Should</w>
<w id="fs-rom-0030590" n="1.1.175" lemma="shall" ana="#vmd">Should</w>
<w id="fs-rom-0030930" n="1.1.177" lemma="shall" ana="#vmd">Should</w>
<w id="fs-rom-0031110" n="1.1.178" lemma="shall" ana="#vmb">shall</w>
<w id="fs-rom-0035970" n="1.1.208" lemma="shall" ana="#vmb">shall</w>
<w id="fs-rom-0040670" n="1.1.234" lemma="shall" ana="#vmd">should</w>
<w id="fs-rom-0047640" n="1.2.29" lemma="shall" ana="#vmb">shall</w>
<w id="fs-rom-0048030" n="1.2.31" lemma="shall" ana="#vmb">shall</w>
<w id="fs-rom-0049600" n="1.2.40" lemma="shall" ana="#vmd">should</w>
<w id="fs-rom-0055280" n="1.2.78" lemma="shall" ana="#vmd">should</w>
<w id="fs-rom-0055670" n="1.2.84" lemma="shall" ana="#vmd">should</w>
<w id="fs-rom-0057260" n="1.2.93" lemma="shall" ana="#vmb">shall</w>
<w id="fs-rom-0059330" n="1.2.106" lemma="shall" ana="#vmb">shall</w>
<w id="fs-rom-0061700" n="1.3.10" lemma="shall" ana="#vmb">’s</w>
<w id="fs-rom-0063260" n="1.3.19" lemma="shall" ana="#vmb">shall</w>
<w id="fs-rom-0064040" n="1.3.23" lemma="shall" ana="#vmb">shall</w>
<w id="fs-rom-0064140" n="1.3.24" lemma="shall" ana="#vmb">shall</w>
<w id="fs-rom-0064570" n="1.3.26" lemma="shall" ana="#vmb">shall</w>
<w id="fs-rom-0068360" n="1.3.49" lemma="shall" ana="#vmb">shall</w>
<w id="fs-rom-0068510" n="1.3.50" lemma="shall" ana="#vmd">should</w>
<w id="fs-rom-0068650" n="1.3.51" lemma="shall" ana="#vmd">should</w>
<w id="fs-rom-0069500" n="1.3.56" lemma="shall" ana="#vmd">should</w>
<w id="fs-rom-0074740" n="1.3.86" lemma="shall" ana="#vmb">shall</w>
<w id="fs-rom-0076740" n="1.3.99" lemma="shall" ana="#vmb">shall</w>
<w id="fs-rom-0079670" n="1.4.1" lemma="shall" ana="#vmb">shall</w>
<w id="fs-rom-0079850" n="1.4.2" lemma="shall" ana="#vmb">shall</w>
<w id="fs-rom-0083280" n="1.4.23" lemma="shall" ana="#vmd">should</w>
<w id="fs-rom-0084890" n="1.4.32" lemma="shall" ana="#vmb">shall</w>
<w id="fs-rom-0097040" n="1.4.112" lemma="shall" ana="#vmb">shall</w>
<w id="fs-rom-0097420" n="1.4.115" lemma="shall" ana="#vmb">Shall</w>
<w id="fs-rom-0099150" n="1.5.4" lemma="shall" ana="#vmb">shall</w>
<w id="fs-rom-0108720" n="1.5.61" lemma="shall" ana="#vmd">should</w>
<w id="fs-rom-0112480" n="1.5.86" lemma="shall" ana="#vmb">shall</w>
<w id="fs-rom-0112680" n="1.5.87" lemma="shall" ana="#vmb">shall</w>
<w id="fs-rom-0113050" n="1.5.89" lemma="shall" ana="#vmb">shall</w>
<w id="fs-rom-0115250" n="1.5.102" lemma="shall" ana="#vmb">shall</w>
<w id="fs-rom-0120120" n="1.5.130" lemma="shall" ana="#vmb">Shall</w>
<w id="fs-rom-0134820" n="2.1.44" lemma="shall" ana="#vmb">shall</w>
<w id="fs-rom-0141690" n="2.2.40" lemma="shall" ana="#vmb">Shall</w>
<w id="fs-rom-0141800" n="2.2.40" lemma="shall" ana="#vmb">shall</w>
<w id="fs-rom-0149940" n="2.2.89" lemma="shall" ana="#vmd">should</w>
<w id="fs-rom-0153100" n="2.2.107" lemma="shall" ana="#vmd">should</w>
<w id="fs-rom-0154690" n="2.2.117" lemma="shall" ana="#vmb">shall</w>
<w id="fs-rom-0164600" n="2.2.181" lemma="shall" ana="#vmb">Shall</w>
<w id="fs-rom-0165390" n="2.2.186" lemma="shall" ana="#vmb">shall</w>
<w id="fs-rom-0167230" n="2.2.198" lemma="shall" ana="#vmd">should</w>
<w id="fs-rom-0167570" n="2.2.201" lemma="shall" ana="#vmb">shall</w>
<w id="fs-rom-0184790" n="2.4.1" lemma="shall" ana="#vmd">should</w>
<w id="fs-rom-0189830" n="2.4.33" lemma="shall" ana="#vmd">should</w>
<w id="fs-rom-0208190" n="2.4.154" lemma="shall" ana="#vmb">shall</w>
<w id="fs-rom-0209160" n="2.4.160" lemma="shall" ana="#vmd">should</w>
<w id="fs-rom-0210930" n="2.4.169" lemma="shall" ana="#vmd">should</w>
<w id="fs-rom-0211560" n="2.4.172" lemma="shall" ana="#vmd">should</w>
<w id="fs-rom-0213590" n="2.4.185" lemma="shall" ana="#vmb">shall</w>
<w id="fs-rom-0214210" n="2.4.188" lemma="shall" ana="#vmb">shall</w>
<w id="fs-rom-0214370" n="2.4.189" lemma="shall" ana="#vmb">shall</w>
<w id="fs-rom-0214720" n="2.4.191" lemma="shall" ana="#vmb">shall</w>
<w id="fs-rom-0220560" n="2.5.4" lemma="shall" ana="#vmd">should</w>
<w id="fs-rom-0230960" n="2.5.63" lemma="shall" ana="#vmd">should</w>
<w id="fs-rom-0233780" n="2.5.81" lemma="shall" ana="#vmb">shall</w>
<w id="fs-rom-0237800" n="2.6.22" lemma="shall" ana="#vmb">shall</w>
<w id="fs-rom-0240360" n="2.6.36" lemma="shall" ana="#vmb">shall</w>
<w id="fs-rom-0241250" n="3.1.3" lemma="shall" ana="#vmb">shall</w>
<w id="fs-rom-0243570" n="3.1.16" lemma="shall" ana="#vmd">should</w>
<w id="fs-rom-0246780" n="3.1.33" lemma="shall" ana="#vmd">should</w>
<w id="fs-rom-0248500" n="3.1.42" lemma="shall" ana="#vmb">shall</w>
<w id="fs-rom-0249590" n="3.1.50" lemma="shall" ana="#vmb">shall</w>
<w id="fs-rom-0252710" n="3.1.67" lemma="shall" ana="#vmb">shall</w>
<w id="fs-rom-0253320" n="3.1.71" lemma="shall" ana="#vm2">shalt</w>
<w id="fs-rom-0254770" n="3.1.80" lemma="shall" ana="#vmb">shall</w>
<w id="fs-rom-0258640" n="3.1.102" lemma="shall" ana="#vmb">shall</w>
<w id="fs-rom-0260260" n="3.1.111" lemma="shall" ana="#vmb">shall</w>
<w id="fs-rom-0264240" n="3.1.136" lemma="shall" ana="#vm2">Shalt</w>
<w id="fs-rom-0264350" n="3.1.137" lemma="shall" ana="#vmb">shall</w>
<w id="fs-rom-0273720" n="3.1.194" lemma="shall" ana="#vmd">should</w>
<w id="fs-rom-0274590" n="3.1.201" lemma="shall" ana="#vmb">shall</w>
<w id="fs-rom-0274970" n="3.1.203" lemma="shall" ana="#vmb">shall</w>
<w id="fs-rom-0279260" n="3.2.23" lemma="shall" ana="#vmb">shall</w>
<w id="fs-rom-0283410" n="3.2.50" lemma="shall" ana="#vmd">should</w>
<w id="fs-rom-0283800" n="3.2.52" lemma="shall" ana="#vmb">shall</w>
<w id="fs-rom-0286730" n="3.2.69" lemma="shall" ana="#vmd">should</w>
<w id="fs-rom-0289960" n="3.2.90" lemma="shall" ana="#vmd">should</w>
<w id="fs-rom-0292120" n="3.2.106" lemma="shall" ana="#vmb">Shall</w>
<w id="fs-rom-0292460" n="3.2.107" lemma="shall" ana="#vmb">shall</w>
<w id="fs-rom-0297640" n="3.2.141" lemma="shall" ana="#vmb">shall</w>
<w id="fs-rom-0310130" n="3.3.65" lemma="shall" ana="#vmd">should</w>
<w id="fs-rom-0313580" n="3.3.85" lemma="shall" ana="#vmb">shall</w>
<w id="fs-rom-0315550" n="3.3.98" lemma="shall" ana="#vmd">should</w>
<w id="fs-rom-0321630" n="3.3.135" lemma="shall" ana="#vmd">should</w>
<w id="fs-rom-0325770" n="3.3.160" lemma="shall" ana="#vm2">shalt</w>
<w id="fs-rom-0329380" n="3.3.181" lemma="shall" ana="#vmb">shall</w>
<w id="fs-rom-0334270" n="3.4.24" lemma="shall" ana="#vmb">shall</w>
<w id="fs-rom-0345310" n="3.5.46" lemma="shall" ana="#vmb">shall</w>
<w id="fs-rom-0345920" n="3.5.51" lemma="shall" ana="#vmb">shall</w>
<w id="fs-rom-0346180" n="3.5.52" lemma="shall" ana="#vmb">shall</w>
<w id="fs-rom-0350550" n="3.5.78" lemma="shall" ana="#vmb">shall</w>
<w id="fs-rom-0353370" n="3.5.95" lemma="shall" ana="#vmb">Shall</w>
<w id="fs-rom-0353540" n="3.5.96" lemma="shall" ana="#vmb">shall</w>
<w id="fs-rom-0353900" n="3.5.98" lemma="shall" ana="#vmb">shall</w>
<w id="fs-rom-0354670" n="3.5.103" lemma="shall" ana="#vmd">should</w>
<w id="fs-rom-0357520" n="3.5.120" lemma="shall" ana="#vmb">Shall</w>
<w id="fs-rom-0357890" n="3.5.122" lemma="shall" ana="#vmb">shall</w>
<w id="fs-rom-0358290" n="3.5.124" lemma="shall" ana="#vmd">should</w>
<w id="fs-rom-0358850" n="3.5.127" lemma="shall" ana="#vmb">shall</w>
<w id="fs-rom-0371100" n="3.5.200" lemma="shall" ana="#vmb">shall</w>
<w id="fs-rom-0372370" n="3.5.206" lemma="shall" ana="#vmb">shall</w>
<w id="fs-rom-0374360" n="3.5.216" lemma="shall" ana="#vmb">shall</w>
<w id="fs-rom-0374650" n="3.5.218" lemma="shall" ana="#vmb">shall</w>
<w id="fs-rom-0375200" n="3.5.221" lemma="shall" ana="#vmd">should</w>
<w id="fs-rom-0380270" n="3.5.253" lemma="shall" ana="#vmb">shall</w>
<w id="fs-rom-0383560" n="4.1.16" lemma="shall" ana="#vmd">should</w>
<w id="fs-rom-0384540" n="4.1.21" lemma="shall" ana="#vmb">shall</w>
<w id="fs-rom-0384960" n="4.1.24" lemma="shall" ana="#vmd">should</w>
<w id="fs-rom-0387790" n="4.1.39" lemma="shall" ana="#vmb">shall</w>
<w id="fs-rom-0388390" n="4.1.42" lemma="shall" ana="#vmd">should</w>
<w id="fs-rom-0391370" n="4.1.58" lemma="shall" ana="#vmb">Shall</w>
<w id="fs-rom-0391730" n="4.1.60" lemma="shall" ana="#vmb">shall</w>
<w id="fs-rom-0392230" n="4.1.64" lemma="shall" ana="#vmb">Shall</w>
<w id="fs-rom-0397740" n="4.1.97" lemma="shall" ana="#vmb">shall</w>
<w id="fs-rom-0397930" n="4.1.99" lemma="shall" ana="#vmb">Shall</w>
<w id="fs-rom-0398170" n="4.1.100" lemma="shall" ana="#vmb">shall</w>
<w id="fs-rom-0398390" n="4.1.101" lemma="shall" ana="#vmb">shall</w>
<w id="fs-rom-0398890" n="4.1.105" lemma="shall" ana="#vmb">Shall</w>
<w id="fs-rom-0399260" n="4.1.107" lemma="shall" ana="#vm2">shalt</w>
<w id="fs-rom-0400240" n="4.1.113" lemma="shall" ana="#vm2">shalt</w>
<w id="fs-rom-0400660" n="4.1.115" lemma="shall" ana="#vm2">shalt</w>
<w id="fs-rom-0400700" n="4.1.116" lemma="shall" ana="#vmb">Shall</w>
<w id="fs-rom-0400900" n="4.1.117" lemma="shall" ana="#vmb">shall</w>
<w id="fs-rom-0401200" n="4.1.119" lemma="shall" ana="#vmb">Shall</w>
<w id="fs-rom-0401380" n="4.1.120" lemma="shall" ana="#vmb">shall</w>
<w id="fs-rom-0402800" n="4.1.127" lemma="shall" ana="#vmb">shall</w>
<w id="fs-rom-0403820" n="4.2.3" lemma="shall" ana="#vmb">shall</w>
<w id="fs-rom-0404840" n="4.2.10" lemma="shall" ana="#vmb">shall</w>
<w id="fs-rom-0408050" n="4.2.30" lemma="shall" ana="#vmd">should</w>
<w id="fs-rom-0409830" n="4.2.39" lemma="shall" ana="#vmb">shall</w>
<w id="fs-rom-0410210" n="4.2.42" lemma="shall" ana="#vmb">shall</w>
<w id="fs-rom-0414400" n="4.3.15" lemma="shall" ana="#vmb">shall</w>
<w id="fs-rom-0415030" n="4.3.19" lemma="shall" ana="#vmd">should</w>
<w id="fs-rom-0415600" n="4.3.23" lemma="shall" ana="#vmb">Shall</w>
<w id="fs-rom-0416030" n="4.3.24" lemma="shall" ana="#vmb">shall</w>
<w id="fs-rom-0416570" n="4.3.27" lemma="shall" ana="#vmd">should</w>
<w id="fs-rom-0416930" n="4.3.29" lemma="shall" ana="#vmd">should</w>
<w id="fs-rom-0417640" n="4.3.34" lemma="shall" ana="#vmb">Shall</w>
<w id="fs-rom-0420360" n="4.3.50" lemma="shall" ana="#vmb">shall</w>
<w id="fs-rom-0426450" n="4.4.24" lemma="shall" ana="#vm2">shalt</w>
<w id="fs-rom-0429360" n="4.5.9" lemma="shall" ana="#vmb">shall</w>
<w id="fs-rom-0441340" n="4.5.78" lemma="shall" ana="#vmd">should</w>
<w id="fs-rom-0462160" n="5.1.58" lemma="shall" ana="#vmd">should</w>
<w id="fs-rom-0468210" n="5.2.2" lemma="shall" ana="#vmd">should</w>
<w id="fs-rom-0473860" n="5.3.5" lemma="shall" ana="#vmb">shall</w>
<w id="fs-rom-0474220" n="5.3.7" lemma="shall" ana="#vm2">shalt</w>
<w id="fs-rom-0476100" n="5.3.17" lemma="shall" ana="#vmb">shall</w>
<w id="fs-rom-0479170" n="5.3.34" lemma="shall" ana="#vmb">shall</w>
<w id="fs-rom-0480220" n="5.3.41" lemma="shall" ana="#vm2">shalt</w>
<w id="fs-rom-0486780" n="5.3.78" lemma="shall" ana="#vmd">should</w>
<w id="fs-rom-0491220" n="5.3.102" lemma="shall" ana="#vmb">Shall</w>
<w id="fs-rom-0499520" n="5.3.154" lemma="shall" ana="#vmd">should</w>
<w id="fs-rom-0507440" n="5.3.197" lemma="shall" ana="#vmd">should</w>
<w id="fs-rom-0511340" n="5.3.221" lemma="shall" ana="#vm2">shalt</w>
<w id="fs-rom-0516950" n="5.3.256" lemma="shall" ana="#vmd">should</w>
<w id="fs-rom-0517380" n="5.3.258" lemma="shall" ana="#vmd">should</w>
<w id="fs-rom-0526110" n="5.3.312" lemma="shall" ana="#vmb">shall</w>
<w id="fs-rom-0526450" n="5.3.314" lemma="shall" ana="#vmb">shall</w>
<w id="fs-rom-0527240" n="5.3.319" lemma="shall" ana="#vmb">shall</w>
</root>