﻿<root>
<w id="fs-rom-0001640" n="PRO.11" lemma="can" ana="#vmd">could</w>
<w id="fs-rom-0026450" n="1.1.147" lemma="can" ana="#vmb">can</w>
<w id="fs-rom-0027630" n="1.1.155" lemma="can" ana="#vmb">can</w>
<w id="fs-rom-0027920" n="1.1.157" lemma="can" ana="#vmd">Could</w>
<w id="fs-rom-0041630" n="1.1.241" lemma="can" ana="#vmb-x">cannot</w>
<w id="fs-rom-0042360" n="1.1.246" lemma="can" ana="#vm2">canst</w>
<w id="fs-rom-0050310" n="1.2.44" lemma="can" ana="#vmb">can</w>
<w id="fs-rom-0053000" n="1.2.61" lemma="can" ana="#vmb">can</w>
<w id="fs-rom-0053430" n="1.2.65" lemma="can" ana="#vmb">can</w>
<w id="fs-rom-0053980" n="1.2.68" lemma="can" ana="#vmb">can</w>
<w id="fs-rom-0057930" n="1.2.97" lemma="can" ana="#vmd">could</w>
<w id="fs-rom-0062000" n="1.3.12" lemma="can" ana="#vmb">can</w>
<w id="fs-rom-0066630" n="1.3.39" lemma="can" ana="#vmd">could</w>
<w id="fs-rom-0066800" n="1.3.41" lemma="can" ana="#vmd">could</w>
<w id="fs-rom-0069370" n="1.3.55" lemma="can" ana="#vmb-x">cannot</w>
<w id="fs-rom-0074580" n="1.3.85" lemma="can" ana="#vmb">Can</w>
<w id="fs-rom-0077320" n="1.3.102" lemma="can" ana="#vmb">Can</w>
<w id="fs-rom-0082180" n="1.4.16" lemma="can" ana="#vmb-x">cannot</w>
<w id="fs-rom-0082890" n="1.4.21" lemma="can" ana="#vmb-x">cannot</w>
<w id="fs-rom-0100850" n="1.5.15" lemma="can" ana="#vmb-x">cannot</w>
<w id="fs-rom-0102870" n="1.5.26" lemma="can" ana="#vmd">could</w>
<w id="fs-rom-0120030" n="1.5.129" lemma="can" ana="#vmb">can</w>
<w id="fs-rom-0127870" n="2.1.1" lemma="can" ana="#vmb">Can</w>
<w id="fs-rom-0131850" n="2.1.26" lemma="can" ana="#vmb-x">cannot</w>
<w id="fs-rom-0133520" n="2.1.36" lemma="can" ana="#vmb-x">cannot</w>
<w id="fs-rom-0146920" n="2.2.72" lemma="can" ana="#vmb-x">cannot</w>
<w id="fs-rom-0147060" n="2.2.73" lemma="can" ana="#vmb">can</w>
<w id="fs-rom-0156180" n="2.2.127" lemma="can" ana="#vmb">can</w>
<w id="fs-rom-0157270" n="2.2.133" lemma="can" ana="#vm2">canst</w>
<w id="fs-rom-0183480" n="2.3.95" lemma="can" ana="#vmd">could</w>
<w id="fs-rom-0186110" n="2.4.11" lemma="can" ana="#vmb">can</w>
<w id="fs-rom-0190270" n="2.4.36" lemma="can" ana="#vmb-x">cannot</w>
<w id="fs-rom-0192860" n="2.4.50" lemma="can" ana="#vmb">Can</w>
<w id="fs-rom-0203030" n="2.4.120" lemma="can" ana="#vmb">can</w>
<w id="fs-rom-0203310" n="2.4.122" lemma="can" ana="#vmb">can</w>
<w id="fs-rom-0208080" n="2.4.154" lemma="can" ana="#vmb-x">cannot</w>
<w id="fs-rom-0220290" n="2.5.3" lemma="can" ana="#vmb-x">cannot</w>
<w id="fs-rom-0225020" n="2.5.31" lemma="can" ana="#vmb">Can</w>
<w id="fs-rom-0234930" n="2.6.3" lemma="can" ana="#vmb">can</w>
<w id="fs-rom-0234970" n="2.6.4" lemma="can" ana="#vmb-x">cannot</w>
<w id="fs-rom-0239560" n="2.6.32" lemma="can" ana="#vmb">can</w>
<w id="fs-rom-0239830" n="2.6.34" lemma="can" ana="#vmb-x">cannot</w>
<w id="fs-rom-0248800" n="3.1.44" lemma="can" ana="#vmd">Could</w>
<w id="fs-rom-0251790" n="3.1.61" lemma="can" ana="#vmb">can</w>
<w id="fs-rom-0253250" n="3.1.70" lemma="can" ana="#vm2">canst</w>
<w id="fs-rom-0258010" n="3.1.99" lemma="can" ana="#vmb-x">cannot</w>
<w id="fs-rom-0266630" n="3.1.150" lemma="can" ana="#vmb">can</w>
<w id="fs-rom-0268930" n="3.1.165" lemma="can" ana="#vmd">Could</w>
<w id="fs-rom-0271460" n="3.1.182" lemma="can" ana="#vmd">Could</w>
<w id="fs-rom-0272610" n="3.1.188" lemma="can" ana="#vmd">could</w>
<w id="fs-rom-0276990" n="3.2.8" lemma="can" ana="#vmb">can</w>
<w id="fs-rom-0282760" n="3.2.45" lemma="can" ana="#vmb">Can</w>
<w id="fs-rom-0282890" n="3.2.46" lemma="can" ana="#vmb">can</w>
<w id="fs-rom-0282950" n="3.2.47" lemma="can" ana="#vmb-x">cannot</w>
<w id="fs-rom-0296890" n="3.2.137" lemma="can" ana="#vmb">can</w>
<w id="fs-rom-0309450" n="3.3.61" lemma="can" ana="#vmb">can</w>
<w id="fs-rom-0310530" n="3.3.67" lemma="can" ana="#vm2">canst</w>
<w id="fs-rom-0325630" n="3.3.159" lemma="can" ana="#vm2">canst</w>
<w id="fs-rom-0325850" n="3.3.160" lemma="can" ana="#vmb">can</w>
<w id="fs-rom-0327150" n="3.3.169" lemma="can" ana="#vmd">could</w>
<w id="fs-rom-0349780" n="3.5.73" lemma="can" ana="#vmd2">couldst</w>
<w id="fs-rom-0349830" n="3.5.73" lemma="can" ana="#vmd2">couldst</w>
<w id="fs-rom-0350920" n="3.5.81" lemma="can" ana="#vmb-x">cannot</w>
<w id="fs-rom-0354350" n="3.5.101" lemma="can" ana="#vmd">could</w>
<w id="fs-rom-0355050" n="3.5.105" lemma="can" ana="#vmb-x">cannot</w>
<w id="fs-rom-0363450" n="3.5.152" lemma="can" ana="#vmb">can</w>
<w id="fs-rom-0370550" n="3.5.197" lemma="can" ana="#vmb-x">cannot</w>
<w id="fs-rom-0390510" n="4.1.53" lemma="can" ana="#vm2">canst</w>
<w id="fs-rom-0392500" n="4.1.66" lemma="can" ana="#vmd">Could</w>
<w id="fs-rom-0404030" n="4.2.4" lemma="can" ana="#vmb">can</w>
<w id="fs-rom-0404140" n="4.2.5" lemma="can" ana="#vm2">canst</w>
<w id="fs-rom-0404410" n="4.2.6" lemma="can" ana="#vmb-x">cannot</w>
<w id="fs-rom-0404570" n="4.2.7" lemma="can" ana="#vmb-x">cannot</w>
<w id="fs-rom-0440840" n="4.5.75" lemma="can" ana="#vmd">could</w>
<w id="fs-rom-0455640" n="5.1.17" lemma="can" ana="#vmb">can</w>
<w id="fs-rom-0455910" n="5.1.18" lemma="can" ana="#vmb">can</w>
<w id="fs-rom-0470230" n="5.2.14" lemma="can" ana="#vmd">could</w>
<w id="fs-rom-0482790" n="5.3.55" lemma="can" ana="#vmb">Can</w>
<w id="fs-rom-0490520" n="5.3.98" lemma="can" ana="#vmb">can</w>
<w id="fs-rom-0500190" n="5.3.158" lemma="can" ana="#vmb">can</w>
<w id="fs-rom-0505450" n="5.3.187" lemma="can" ana="#vmb-x">cannot</w>
<w id="fs-rom-0512000" n="5.3.225" lemma="can" ana="#vmb">can</w>
<w id="fs-rom-0518370" n="5.3.265" lemma="can" ana="#vmd">could</w>
<w id="fs-rom-0520820" n="5.3.280" lemma="can" ana="#vmb">can</w>
<w id="fs-rom-0525560" n="5.3.308" lemma="can" ana="#vmb">Can</w>
<w id="fs-rom-0525670" n="5.3.309" lemma="can" ana="#vmb">can</w>
</root>