﻿<root>
<w id="fs-rom-0004500" n="1.1.13" lemma="will" ana="#vmb">will</w>
<w id="fs-rom-0005360" n="1.1.18" lemma="will" ana="#vmb">will</w>
<w id="fs-rom-0005930" n="1.1.22" lemma="will" ana="#vmb">will</w>
<w id="fs-rom-0006200" n="1.1.23" lemma="will" ana="#vmb">will</w>
<w id="fs-rom-0006340" n="1.1.24" lemma="will" ana="#vmb">will</w>
<w id="fs-rom-0006880" n="1.1.27" lemma="will" ana="#vm2">wilt</w>
<w id="fs-rom-0008260" n="1.1.34" lemma="will" ana="#vmb">will</w>
<w id="fs-rom-0008910" n="1.1.41" lemma="will" ana="#vmb">will</w>
<w id="fs-rom-0009320" n="1.1.43" lemma="will" ana="#vmb">will</w>
<w id="fs-rom-0016530" n="1.1.85" lemma="will" ana="#vmb">Will</w>
<w id="fs-rom-0027040" n="1.1.151" lemma="will" ana="#vmb">will</w>
<w id="fs-rom-0028120" n="1.1.158" lemma="will" ana="#vmd">would</w>
<w id="fs-rom-0028700" n="1.1.161" lemma="will" ana="#vmd">would</w>
<w id="fs-rom-0031070" n="1.1.177" lemma="will" ana="#n1">will</w>
<w id="fs-rom-0033580" n="1.1.194" lemma="will" ana="#vm2">wilt</w>
<w id="fs-rom-0035080" n="1.1.203" lemma="will" ana="#vmb">will</w>
<w id="fs-rom-0036440" n="1.1.210" lemma="will" ana="#n1">will</w>
<w id="fs-rom-0038150" n="1.1.220" lemma="will" ana="#vmb">will</w>
<w id="fs-rom-0039090" n="1.1.225" lemma="will" ana="#vmb">will</w>
<w id="fs-rom-0045720" n="1.2.17" lemma="will" ana="#n1">will</w>
<w id="fs-rom-0051760" n="1.2.52" lemma="will" ana="#vmb">will</w>
<w id="fs-rom-0057340" n="1.2.94" lemma="will" ana="#vmb">will</w>
<w id="fs-rom-0059150" n="1.2.105" lemma="will" ana="#vmb">will</w>
<w id="fs-rom-0061160" n="1.3.7" lemma="will" ana="#n1">will</w>
<w id="fs-rom-0067730" n="1.3.46" lemma="will" ana="#vm2">wilt</w>
<w id="fs-rom-0067890" n="1.3.47" lemma="will" ana="#vm2">Wilt</w>
<w id="fs-rom-0068720" n="1.3.51" lemma="will" ana="#vm2">Wilt</w>
<w id="fs-rom-0070340" n="1.3.61" lemma="will" ana="#vm2">wilt</w>
<w id="fs-rom-0070500" n="1.3.62" lemma="will" ana="#vm2">Wilt</w>
<w id="fs-rom-0072520" n="1.3.73" lemma="will" ana="#vmd">would</w>
<w id="fs-rom-0077700" n="1.3.104" lemma="will" ana="#vmb">will</w>
<w id="fs-rom-0080930" n="1.4.9" lemma="will" ana="#vmb">will</w>
<w id="fs-rom-0081410" n="1.4.12" lemma="will" ana="#vmb">will</w>
<w id="fs-rom-0101870" n="1.5.19" lemma="will" ana="#vmb">will</w>
<w id="fs-rom-0102140" n="1.5.22" lemma="will" ana="#vmb">Will</w>
<w id="fs-rom-0103100" n="1.5.28" lemma="will" ana="#vmd">would</w>
<w id="fs-rom-0105650" n="1.5.42" lemma="will" ana="#vmb">will</w>
<w id="fs-rom-0106190" n="1.5.46" lemma="will" ana="#vmb">Will</w>
<w id="fs-rom-0111210" n="1.5.78" lemma="will" ana="#vmd">would</w>
<w id="fs-rom-0111750" n="1.5.81" lemma="will" ana="#n1">will</w>
<w id="fs-rom-0113290" n="1.5.91" lemma="will" ana="#vmb">will</w>
<w id="fs-rom-0115140" n="1.5.102" lemma="will" ana="#vmb">will</w>
<w id="fs-rom-0123170" n="1.5.146" lemma="will" ana="#vmd">would</w>
<w id="fs-rom-0125920" n="2.CHO.3" lemma="will" ana="#vmd">would</w>
<w id="fs-rom-0131760" n="2.1.25" lemma="will" ana="#vm2">wilt</w>
<w id="fs-rom-0133620" n="2.1.37" lemma="will" ana="#vmb">will</w>
<w id="fs-rom-0137660" n="2.2.13" lemma="will" ana="#vmb">will</w>
<w id="fs-rom-0138720" n="2.2.19" lemma="will" ana="#vmd">would</w>
<w id="fs-rom-0138960" n="2.2.22" lemma="will" ana="#vmd">Would</w>
<w id="fs-rom-0139150" n="2.2.23" lemma="will" ana="#vmd">would</w>
<w id="fs-rom-0141360" n="2.2.38" lemma="will" ana="#vm2">wilt</w>
<w id="fs-rom-0142960" n="2.2.47" lemma="will" ana="#vmd">would</w>
<w id="fs-rom-0143080" n="2.2.48" lemma="will" ana="#vmd">would</w>
<w id="fs-rom-0144160" n="2.2.55" lemma="will" ana="#vmb">will</w>
<w id="fs-rom-0145200" n="2.2.62" lemma="will" ana="#vmd">would</w>
<w id="fs-rom-0147490" n="2.2.75" lemma="will" ana="#vmb">will</w>
<w id="fs-rom-0148080" n="2.2.79" lemma="will" ana="#vmd">would</w>
<w id="fs-rom-0150270" n="2.2.91" lemma="will" ana="#vmd">would</w>
<w id="fs-rom-0150600" n="2.2.93" lemma="will" ana="#vmd">would</w>
<w id="fs-rom-0151070" n="2.2.95" lemma="will" ana="#vm2">wilt</w>
<w id="fs-rom-0151170" n="2.2.96" lemma="will" ana="#vmb">will</w>
<w id="fs-rom-0152220" n="2.2.102" lemma="will" ana="#vm2">wilt</w>
<w id="fs-rom-0154950" n="2.2.119" lemma="will" ana="#vm2">wilt</w>
<w id="fs-rom-0157100" n="2.2.132" lemma="will" ana="#vm2">wilt</w>
<w id="fs-rom-0157790" n="2.2.136" lemma="will" ana="#vmd">would</w>
<w id="fs-rom-0157920" n="2.2.137" lemma="will" ana="#vmd2">Wouldst</w>
<w id="fs-rom-0159580" n="2.2.145" lemma="will" ana="#vmb">will</w>
<w id="fs-rom-0161000" n="2.2.153" lemma="will" ana="#vm2">wilt</w>
<w id="fs-rom-0162140" n="2.2.162" lemma="will" ana="#vmb">will</w>
<w id="fs-rom-0163590" n="2.2.172" lemma="will" ana="#vmd">would</w>
<w id="fs-rom-0164840" n="2.2.183" lemma="will" ana="#vmb">will</w>
<w id="fs-rom-0166100" n="2.2.190" lemma="will" ana="#vmd">would</w>
<w id="fs-rom-0166990" n="2.2.196" lemma="will" ana="#vmd">would</w>
<w id="fs-rom-0167150" n="2.2.197" lemma="will" ana="#vmd">would</w>
<w id="fs-rom-0167970" n="2.2.203" lemma="will" ana="#vmd">Would</w>
<w id="fs-rom-0168190" n="2.2.204" lemma="will" ana="#vmb">will</w>
<w id="fs-rom-0173290" n="2.3.29" lemma="will" ana="#n1">will</w>
<w id="fs-rom-0174500" n="2.3.38" lemma="will" ana="#vmb">will</w>
<w id="fs-rom-0185450" n="2.4.6" lemma="will" ana="#vmb">will</w>
<w id="fs-rom-0185980" n="2.4.10" lemma="will" ana="#vmb">will</w>
<w id="fs-rom-0186290" n="2.4.12" lemma="will" ana="#vmb">will</w>
<w id="fs-rom-0196930" n="2.4.79" lemma="will" ana="#vmb">will</w>
<w id="fs-rom-0199940" n="2.4.99" lemma="will" ana="#vmd2">wouldst</w>
<w id="fs-rom-0200210" n="2.4.100" lemma="will" ana="#vmd">would</w>
<w id="fs-rom-0203440" n="2.4.122" lemma="will" ana="#vmb">will</w>
<w id="fs-rom-0204600" n="2.4.131" lemma="will" ana="#vmb">will</w>
<w id="fs-rom-0206180" n="2.4.142" lemma="will" ana="#vmb">will</w>
<w id="fs-rom-0206410" n="2.4.144" lemma="will" ana="#vmb">will</w>
<w id="fs-rom-0207300" n="2.4.150" lemma="will" ana="#vmb">will</w>
<w id="fs-rom-0207460" n="2.4.150" lemma="will" ana="#vmb">will</w>
<w id="fs-rom-0210690" n="2.4.167" lemma="will" ana="#vmb">will</w>
<w id="fs-rom-0212380" n="2.4.177" lemma="will" ana="#vmb">will</w>
<w id="fs-rom-0212560" n="2.4.178" lemma="will" ana="#vmb">will</w>
<w id="fs-rom-0212690" n="2.4.179" lemma="will" ana="#vm2">wilt</w>
<w id="fs-rom-0212930" n="2.4.181" lemma="will" ana="#vmb">will</w>
<w id="fs-rom-0217060" n="2.4.204" lemma="will" ana="#vmd">would</w>
<w id="fs-rom-0219290" n="2.4.215" lemma="will" ana="#vmd">would</w>
<w id="fs-rom-0221860" n="2.5.13" lemma="will" ana="#vmd">would</w>
<w id="fs-rom-0222080" n="2.5.14" lemma="will" ana="#vmd">would</w>
<w id="fs-rom-0224490" n="2.5.28" lemma="will" ana="#vmd">would</w>
<w id="fs-rom-0229080" n="2.5.52" lemma="will" ana="#vmd">would</w>
<w id="fs-rom-0237060" n="2.6.17" lemma="will" ana="#vmb">Will</w>
<w id="fs-rom-0240160" n="2.6.35" lemma="will" ana="#vmb">will</w>
<w id="fs-rom-0243690" n="3.1.17" lemma="will" ana="#vmd">would</w>
<w id="fs-rom-0243840" n="3.1.18" lemma="will" ana="#vm2">wilt</w>
<w id="fs-rom-0244250" n="3.1.20" lemma="will" ana="#vm2">wilt</w>
<w id="fs-rom-0244730" n="3.1.22" lemma="will" ana="#vmd">would</w>
<w id="fs-rom-0246430" n="3.1.31" lemma="will" ana="#vm2">wilt</w>
<w id="fs-rom-0247780" n="3.1.38" lemma="will" ana="#vmb">will</w>
<w id="fs-rom-0248710" n="3.1.43" lemma="will" ana="#vmb">will</w>
<w id="fs-rom-0250590" n="3.1.56" lemma="will" ana="#vmb">will</w>
<w id="fs-rom-0254130" n="3.1.76" lemma="will" ana="#vmb">will</w>
<w id="fs-rom-0254220" n="3.1.77" lemma="will" ana="#vmd2">wouldst</w>
<w id="fs-rom-0254980" n="3.1.81" lemma="will" ana="#vmb">Will</w>
<w id="fs-rom-0264850" n="3.1.140" lemma="will" ana="#vmb">will</w>
<w id="fs-rom-0274750" n="3.1.202" lemma="will" ana="#vmb">will</w>
<w id="fs-rom-0275580" n="3.1.206" lemma="will" ana="#n1">will</w>
<w id="fs-rom-0276300" n="3.2.3" lemma="will" ana="#vmd">would</w>
<w id="fs-rom-0278660" n="3.2.19" lemma="will" ana="#vm2">wilt</w>
<w id="fs-rom-0279520" n="3.2.25" lemma="will" ana="#vmb">will</w>
<w id="fs-rom-0279750" n="3.2.26" lemma="will" ana="#vmb">will</w>
<w id="fs-rom-0283070" n="3.2.48" lemma="will" ana="#vmd">would</w>
<w id="fs-rom-0291910" n="3.2.105" lemma="will" ana="#vmb">Will</w>
<w id="fs-rom-0292940" n="3.2.111" lemma="will" ana="#vmd">would</w>
<w id="fs-rom-0293610" n="3.2.115" lemma="will" ana="#vmd">would</w>
<w id="fs-rom-0293760" n="3.2.116" lemma="will" ana="#vmd">would</w>
<w id="fs-rom-0294280" n="3.2.120" lemma="will" ana="#vmd">would</w>
<w id="fs-rom-0295380" n="3.2.128" lemma="will" ana="#vmb">will</w>
<w id="fs-rom-0297270" n="3.2.140" lemma="will" ana="#vmb">Will</w>
<w id="fs-rom-0297400" n="3.2.140" lemma="will" ana="#vmb">will</w>
<w id="fs-rom-0299470" n="3.2.153" lemma="will" ana="#vmb">will</w>
<w id="fs-rom-0308740" n="3.3.56" lemma="will" ana="#vm2">wilt</w>
<w id="fs-rom-0312620" n="3.3.80" lemma="will" ana="#vm2">wilt</w>
<w id="fs-rom-0312980" n="3.3.81" lemma="will" ana="#n1">will</w>
<w id="fs-rom-0313390" n="3.3.84" lemma="will" ana="#n1">will</w>
<w id="fs-rom-0320070" n="3.3.126" lemma="will" ana="#vm2">Wilt</w>
<w id="fs-rom-0321030" n="3.3.131" lemma="will" ana="#vmd2">wouldst</w>
<w id="fs-rom-0323660" n="3.3.147" lemma="will" ana="#vmd">would</w>
<w id="fs-rom-0327620" n="3.3.171" lemma="will" ana="#vmb">will</w>
<w id="fs-rom-0331610" n="3.4.7" lemma="will" ana="#vmd">would</w>
<w id="fs-rom-0332170" n="3.4.11" lemma="will" ana="#vmb">will</w>
<w id="fs-rom-0332540" n="3.4.13" lemma="will" ana="#vmb">will</w>
<w id="fs-rom-0332780" n="3.4.14" lemma="will" ana="#vmb">will</w>
<w id="fs-rom-0334420" n="3.4.25" lemma="will" ana="#vmb">Will</w>
<w id="fs-rom-0335730" n="3.4.32" lemma="will" ana="#vmd">would</w>
<w id="fs-rom-0337220" n="3.5.1" lemma="will" ana="#vm2">Wilt</w>
<w id="fs-rom-0340260" n="3.5.18" lemma="will" ana="#vm2">wilt</w>
<w id="fs-rom-0341170" n="3.5.23" lemma="will" ana="#n1">will</w>
<w id="fs-rom-0341340" n="3.5.24" lemma="will" ana="#vvz">wills</w>
<w id="fs-rom-0342740" n="3.5.32" lemma="will" ana="#vmd">would</w>
<w id="fs-rom-0345570" n="3.5.49" lemma="will" ana="#vmb">will</w>
<w id="fs-rom-0348140" n="3.5.63" lemma="will" ana="#vm2">wilt</w>
<w id="fs-rom-0349540" n="3.5.72" lemma="will" ana="#vm2">wilt</w>
<w id="fs-rom-0352620" n="3.5.91" lemma="will" ana="#vmd">Would</w>
<w id="fs-rom-0352850" n="3.5.92" lemma="will" ana="#vmb">will</w>
<w id="fs-rom-0353760" n="3.5.97" lemma="will" ana="#vm2">wilt</w>
<w id="fs-rom-0354570" n="3.5.102" lemma="will" ana="#vmd">would</w>
<w id="fs-rom-0358630" n="3.5.126" lemma="will" ana="#vmb">will</w>
<w id="fs-rom-0359450" n="3.5.130" lemma="will" ana="#vmb">will</w>
<w id="fs-rom-0361490" n="3.5.141" lemma="will" ana="#vmb">will</w>
<w id="fs-rom-0361930" n="3.5.144" lemma="will" ana="#vmb">will</w>
<w id="fs-rom-0362080" n="3.5.145" lemma="will" ana="#vmd">would</w>
<w id="fs-rom-0362510" n="3.5.147" lemma="will" ana="#vmb">will</w>
<w id="fs-rom-0364940" n="3.5.160" lemma="will" ana="#vmb">will</w>
<w id="fs-rom-0370030" n="3.5.194" lemma="will" ana="#vmd">would</w>
<w id="fs-rom-0370860" n="3.5.199" lemma="will" ana="#vmb">will</w>
<w id="fs-rom-0371050" n="3.5.200" lemma="will" ana="#vmb">will</w>
<w id="fs-rom-0374010" n="3.5.215" lemma="will" ana="#vm2">wilt</w>
<w id="fs-rom-0379230" n="3.5.247" lemma="will" ana="#vmb">will</w>
<w id="fs-rom-0381180" n="4.1.2" lemma="will" ana="#vmb">will</w>
<w id="fs-rom-0383440" n="4.1.16" lemma="will" ana="#vmd">would</w>
<w id="fs-rom-0385260" n="4.1.26" lemma="will" ana="#vmb">will</w>
<w id="fs-rom-0385450" n="4.1.27" lemma="will" ana="#vmb">will</w>
<w id="fs-rom-0385770" n="4.1.28" lemma="will" ana="#vmb">will</w>
<w id="fs-rom-0388550" n="4.1.43" lemma="will" ana="#vmb">will</w>
<w id="fs-rom-0393480" n="4.1.71" lemma="will" ana="#vmd">would</w>
<w id="fs-rom-0393770" n="4.1.73" lemma="will" ana="#n1">will</w>
<w id="fs-rom-0393950" n="4.1.74" lemma="will" ana="#vm2">wilt</w>
<w id="fs-rom-0396220" n="4.1.89" lemma="will" ana="#vmb">will</w>
<w id="fs-rom-0401040" n="4.1.118" lemma="will" ana="#vmb">Will</w>
<w id="fs-rom-0408810" n="4.2.34" lemma="will" ana="#vmb">will</w>
<w id="fs-rom-0410090" n="4.2.41" lemma="will" ana="#vmb">will</w>
<w id="fs-rom-0411070" n="4.2.46" lemma="will" ana="#vmb">will</w>
<w id="fs-rom-0424470" n="4.4.13" lemma="will" ana="#vmb">will</w>
<w id="fs-rom-0425730" n="4.4.20" lemma="will" ana="#vmb">will</w>
<w id="fs-rom-0426020" n="4.4.21" lemma="will" ana="#vmb">will</w>
<w id="fs-rom-0426700" n="4.4.26" lemma="will" ana="#vmb">will</w>
<w id="fs-rom-0426960" n="4.4.27" lemma="will" ana="#vmd">would</w>
<w id="fs-rom-0430210" n="4.5.13" lemma="will" ana="#vmb">Will</w>
<w id="fs-rom-0432180" n="4.5.25" lemma="will" ana="#vmb">will</w>
<w id="fs-rom-0434420" n="4.5.38" lemma="will" ana="#vmb">will</w>
<w id="fs-rom-0435890" n="4.5.45" lemma="will" ana="#vmb">will</w>
<w id="fs-rom-0445130" n="4.5.101" lemma="will" ana="#n1">will</w>
<w id="fs-rom-0446510" n="4.5.107" lemma="will" ana="#vmb">will</w>
<w id="fs-rom-0447430" n="4.5.115" lemma="will" ana="#vmb">will</w>
<w id="fs-rom-0447570" n="4.5.117" lemma="will" ana="#vmb">will</w>
<w id="fs-rom-0447740" n="4.5.118" lemma="will" ana="#vmb">will</w>
<w id="fs-rom-0448040" n="4.5.119" lemma="will" ana="#vmb">will</w>
<w id="fs-rom-0448180" n="4.5.121" lemma="will" ana="#vmb">will</w>
<w id="fs-rom-0448320" n="4.5.123" lemma="will" ana="#vmb">will</w>
<w id="fs-rom-0448520" n="4.5.124" lemma="will" ana="#vmb">will</w>
<w id="fs-rom-0449490" n="4.5.129" lemma="will" ana="#vmb">will</w>
<w id="fs-rom-0451660" n="4.5.144" lemma="will" ana="#vmb">will</w>
<w id="fs-rom-0457420" n="5.1.27" lemma="will" ana="#vmb">will</w>
<w id="fs-rom-0458880" n="5.1.37" lemma="will" ana="#vmb">will</w>
<w id="fs-rom-0461620" n="5.1.55" lemma="will" ana="#vmd">would</w>
<w id="fs-rom-0463200" n="5.1.65" lemma="will" ana="#vmb">will</w>
<w id="fs-rom-0465600" n="5.1.79" lemma="will" ana="#n1">will</w>
<w id="fs-rom-0465800" n="5.1.80" lemma="will" ana="#n1">will</w>
<w id="fs-rom-0466060" n="5.1.81" lemma="will" ana="#vmb">will</w>
<w id="fs-rom-0466360" n="5.1.83" lemma="will" ana="#vmd">would</w>
<w id="fs-rom-0469710" n="5.2.11" lemma="will" ana="#vmd">would</w>
<w id="fs-rom-0472070" n="5.2.25" lemma="will" ana="#vmb">will</w>
<w id="fs-rom-0472170" n="5.2.26" lemma="will" ana="#vmb">will</w>
<w id="fs-rom-0472460" n="5.2.28" lemma="will" ana="#vmb">will</w>
<w id="fs-rom-0473440" n="5.3.2" lemma="will" ana="#vmd">would</w>
<w id="fs-rom-0475020" n="5.3.11" lemma="will" ana="#vmb">will</w>
<w id="fs-rom-0475710" n="5.3.14" lemma="will" ana="#vmb">will</w>
<w id="fs-rom-0476050" n="5.3.16" lemma="will" ana="#vmb">will</w>
<w id="fs-rom-0479320" n="5.3.35" lemma="will" ana="#vmb">will</w>
<w id="fs-rom-0480010" n="5.3.40" lemma="will" ana="#vmb">will</w>
<w id="fs-rom-0482560" n="5.3.53" lemma="will" ana="#vmb">will</w>
<w id="fs-rom-0485120" n="5.3.70" lemma="will" ana="#vm2">Wilt</w>
<w id="fs-rom-0485530" n="5.3.71" lemma="will" ana="#vmb">will</w>
<w id="fs-rom-0486130" n="5.3.74" lemma="will" ana="#vmb">will</w>
<w id="fs-rom-0491780" n="5.3.106" lemma="will" ana="#vmb">will</w>
<w id="fs-rom-0492100" n="5.3.108" lemma="will" ana="#vmb">will</w>
<w id="fs-rom-0492320" n="5.3.110" lemma="will" ana="#vmb">Will</w>
<w id="fs-rom-0501390" n="5.3.165" lemma="will" ana="#vmb">will</w>
<w id="fs-rom-0502190" n="5.3.169" lemma="will" ana="#vmb">will</w>
<w id="fs-rom-0512300" n="5.3.228" lemma="will" ana="#vmb">will</w>
<w id="fs-rom-0513940" n="5.3.238" lemma="will" ana="#vmb">will</w>
<w id="fs-rom-0515490" n="5.3.247" lemma="will" ana="#vmd">would</w>
<w id="fs-rom-0516160" n="5.3.251" lemma="will" ana="#vmd">would</w>
<w id="fs-rom-0519510" n="5.3.272" lemma="will" ana="#vmd">would</w>
<w id="fs-rom-0522050" n="5.3.287" lemma="will" ana="#vmb">will</w>
<w id="fs-rom-0525790" n="5.3.310" lemma="will" ana="#vmb">will</w>
<w id="fs-rom-0526920" n="5.3.317" lemma="will" ana="#vmb">will</w>
</root>